file,line,prop,val,mapped,nums_px
src/App.vue,389,padding-top,"env(safe-area-inset-top, 0px)",True,[0.0]
src/App.vue,400,padding,0 8px,True,[8.0]
src/App.vue,413,gap,8px,True,[8.0]
src/App.vue,428,padding,4px 8px,True,"[4.0, 8.0]"
src/App.vue,438,gap,4px,True,[4.0]
src/App.vue,467,padding,var(--toolbar-control-padding),,[]
src/App.vue,507,gap,0,,[]
src/App.vue,508,gap,8px,True,[8.0]
src/App.vue,513,gap,8px,True,[8.0]
src/App.vue,515,padding-top,"calc(var(--app-top-bar-height, 56px) + var(--page-content-top-gap, 8px))",False,"[56.0, 8.0]"
src/App.vue,528,margin,0 auto,,[]
src/App.vue,529,padding-inline,"var(--page-edge-gap, 2px)",False,[2.0]
src/App.vue,534,padding-left,"calc(var(--left-nav-occupy, 220px) + var(--left-nav-gap, 10px))",False,"[220.0, 10.0]"
src/App.vue,539,margin-left,auto,,[]
src/App.vue,540,margin-right,auto,,[]
src/App.vue,541,padding-inline,"var(--page-edge-gap, 2px)",False,[2.0]
src/App.vue,549,padding-bottom,var(--mobile-bottom-nav-space),,[]
src/App.vue,556,gap,4px,True,[4.0]
src/App.vue,561,gap,8px,True,[8.0]
src/App.vue,570,gap,4px,True,[4.0]
src/App.vue,585,padding,8px !important,True,[8.0]
src/App.vue,589,padding,8px 8px !important,True,"[8.0, 8.0]"
src/App.vue,601,padding,8px 8px !important,True,"[8.0, 8.0]"
src/App.vue,609,gap,8px !important,True,[8.0]
src/App.vue,618,padding-inline,"var(--page-edge-gap, 2px) !important",False,[2.0]
src/App.vue,622,padding-inline,0 !important,,[]
src/App.vue,628,padding-inline,0 !important,,[]
src/App.vue,720,gap,16px,True,[16.0]
src/components/popup/CommonDialog.vue,190,padding,16px,True,[16.0]
src/components/popup/CommonDialog.vue,208,padding,16px,True,[16.0]
src/components/popup/CommonDialog.vue,216,margin,0,,[]
src/components/popup/CommonDialog.vue,230,padding,8px,True,[8.0]
src/components/popup/CommonDialog.vue,231,margin,0,,[]
src/components/popup/CommonDialog.vue,244,padding,16px,True,[16.0]
src/components/popup/CommonDialog.vue,250,margin,8px 0,True,[8.0]
src/components/popup/CommonDialog.vue,271,padding,16px 16px,True,"[16.0, 16.0]"
src/components/popup/CommonDialog.vue,275,gap,8px,True,[8.0]
src/components/popup/CommonDialog.vue,278,padding,8px 16px,True,"[8.0, 16.0]"
src/components/popup/CommonDialog.vue,340,padding,16px,True,[16.0]
src/components/popup/CommonDialog.vue,347,padding,16px,True,[16.0]
src/components/popup/CommonDialog.vue,355,padding,16px,True,[16.0]
src/components/popup/CommonDialog.vue,359,padding,8px 16px,True,"[8.0, 16.0]"
src/components/popup/CommonDialog.vue,364,margin,0,,[]
src/components/profile/SecurityCard.vue,34,gap,8px,True,[8.0]
src/components/common/NodeDetailModal.vue,772,padding,16px,True,[16.0]
src/components/common/NodeDetailModal.vue,834,padding,16px 16px,True,"[16.0, 16.0]"
src/components/common/NodeDetailModal.vue,852,margin,0,,[]
src/components/common/NodeDetailModal.vue,880,padding,8px,True,[8.0]
src/components/common/NodeDetailModal.vue,882,margin,0,,[]
src/components/common/NodeDetailModal.vue,908,padding,16px,True,[16.0]
src/components/common/NodeDetailModal.vue,916,gap,24px,True,[24.0]
src/components/common/NodeDetailModal.vue,934,gap,8px,True,[8.0]
src/components/common/NodeDetailModal.vue,944,padding,8px 0,True,[8.0]
src/components/common/NodeDetailModal.vue,1008,margin-bottom,8px,True,[8.0]
src/components/common/NodeDetailModal.vue,1014,margin,0,,[]
src/components/common/NodeDetailModal.vue,1028,gap,8px,True,[8.0]
src/components/common/NodeDetailModal.vue,1038,gap,4px,True,[4.0]
src/components/common/NodeDetailModal.vue,1040,padding,4px 8px,True,"[4.0, 8.0]"
src/components/common/NodeDetailModal.vue,1092,padding,8px,True,[8.0]
src/components/common/NodeDetailModal.vue,1100,margin,0,,[]
src/components/common/NodeDetailModal.vue,1118,margin-bottom,24px,True,[24.0]
src/components/common/NodeDetailModal.vue,1122,padding-bottom,8px,True,[8.0]
src/components/common/NodeDetailModal.vue,1144,padding,8px 8px,True,"[8.0, 8.0]"
src/components/common/NodeDetailModal.vue,1154,gap,4px,True,[4.0]
src/components/common/NodeDetailModal.vue,1178,padding,16px,True,[16.0]
src/components/common/NodeDetailModal.vue,1200,gap,16px,True,[16.0]
src/components/common/NodeDetailModal.vue,1228,margin,0,,[]
src/components/common/NodeDetailModal.vue,1246,gap,8px,True,[8.0]
src/components/common/NodeDetailModal.vue,1260,padding,8px,True,[8.0]
src/components/common/NodeDetailModal.vue,1278,padding,4px 8px,True,"[4.0, 8.0]"
src/components/common/NodeDetailModal.vue,1288,gap,4px,True,[4.0]
src/components/common/NodeDetailModal.vue,1328,margin-top,auto,,[]
src/components/common/NodeDetailModal.vue,1330,padding-top,16px,True,[16.0]
src/components/common/NodeDetailModal.vue,1346,padding,8px 16px,True,"[8.0, 16.0]"
src/components/common/NodeDetailModal.vue,1360,gap,8px,True,[8.0]
src/components/common/NodeDetailModal.vue,1394,padding,8px,True,[8.0]
src/components/common/NodeDetailModal.vue,1404,margin,0,,[]
src/components/common/NodeDetailModal.vue,1416,padding,16px,True,[16.0]
src/components/common/NodeDetailModal.vue,1418,gap,16px,True,[16.0]
src/components/common/NodeDetailModal.vue,1468,gap,8px,True,[8.0]
src/components/common/NodeDetailModal.vue,1498,margin-bottom,48px,True,[48.0]
src/components/common/NodeDetailModal.vue,1510,padding,8px 16px,True,"[8.0, 16.0]"
src/components/common/LoadingSpinner.vue,62,margin-top,24px,True,[24.0]
src/components/common/ImportConfigCard.vue,256,margin-top,24px,True,[24.0]
src/components/common/ImportConfigCard.vue,259,gap,16px,True,[16.0]
src/components/common/ImportConfigCard.vue,265,gap,8px,True,[8.0]
src/components/common/ImportConfigCard.vue,266,margin-top,0,,[]
src/components/common/ImportConfigCard.vue,273,padding,8px 16px,True,"[8.0, 16.0]"
src/components/common/ImportConfigCard.vue,277,gap,8px,True,[8.0]
src/components/common/ImportConfigCard.vue,288,margin-top,16px,True,[16.0]
src/components/common/ImportConfigCard.vue,298,gap,8px,True,[8.0]
src/components/common/ImportConfigCard.vue,304,padding,8px 16px,True,"[8.0, 16.0]"
src/components/common/ImportConfigCard.vue,309,gap,8px,True,[8.0]
src/components/common/ImportConfigCard.vue,330,padding,8px,True,[8.0]
src/components/common/SlideTabsNav.vue,128,margin-bottom,16px,True,[16.0]
src/components/common/SlideTabsNav.vue,139,padding,0,,[]
src/components/common/SlideTabsNav.vue,148,gap,4px,True,[4.0]
src/components/common/SlideTabsNav.vue,151,padding,8px 8px,True,"[8.0, 8.0]"
src/components/common/SlideTabsNav.vue,163,gap,8px,True,[8.0]
src/components/common/SlideTabsNav.vue,215,margin-bottom,0,,[]
src/components/common/SlideTabsNav.vue,221,padding,4px,True,[4.0]
src/components/common/SlideTabsNav.vue,229,gap,0,,[]
src/components/common/SlideTabsNav.vue,230,padding,0,,[]
src/components/common/SlideTabsNav.vue,236,padding,4px 8px,True,"[4.0, 8.0]"
src/components/common/SlideTabsNav.vue,240,gap,4px,True,[4.0]
src/components/common/SlideTabsNav.vue,291,padding,4px 4px,True,"[4.0, 4.0]"
src/components/common/Toast.vue,78,gap,8px,True,[8.0]
src/components/common/Toast.vue,86,padding,16px,True,[16.0]
src/components/common/Toast.vue,98,padding,16px 16px,True,"[16.0, 16.0]"
src/components/common/Toast.vue,102,gap,8px,True,[8.0]
src/components/common/Toast.vue,243,padding,0,,[]
src/components/common/LanguageSelector.vue,171,padding,4px 8px,True,"[4.0, 8.0]"
src/components/common/LanguageSelector.vue,192,gap,4px,True,[4.0]
src/components/common/LanguageSelector.vue,221,padding,8px 16px,True,"[8.0, 16.0]"
src/components/common/UserAvatar.vue,224,padding,8px 16px,True,"[8.0, 16.0]"
src/components/common/UserAvatar.vue,231,margin-right,8px,True,[8.0]
src/components/common/UserAvatar.vue,271,margin,4px 0,True,[4.0]
src/components/common/CustomContextMenu.vue,170,padding,8px,True,[8.0]
src/components/common/CustomContextMenu.vue,177,gap,0,,[]
src/components/common/CustomContextMenu.vue,183,padding,8px 16px,True,"[8.0, 16.0]"
src/components/common/CustomContextMenu.vue,213,margin,4px 0,True,[4.0]
src/components/common/CustomContextMenu.vue,223,margin-right,8px,True,[8.0]
src/components/common/InfoCard.vue,69,padding,var(--space-4),,[]
src/components/common/InfoCard.vue,79,padding,var(--info-card-padding),,[]
src/components/common/InfoCard.vue,82,gap,var(--space-3),,[]
src/components/common/InfoCard.vue,101,gap,var(--space-2),,[]
src/components/common/InfoCard.vue,105,margin,0,,[]
src/components/common/InfoCard.vue,112,margin-top,var(--space-2),,[]
src/components/common/InfoCard.vue,117,margin,0,,[]
src/components/common/InfoCard.vue,124,margin-top,var(--space-1),,[]
src/components/auth/AuthPopup.vue,150,padding,16px,True,[16.0]
src/components/auth/AuthPopup.vue,168,padding,16px,True,[16.0]
src/components/auth/AuthPopup.vue,176,margin,0,,[]
src/components/auth/AuthPopup.vue,190,padding,8px,True,[8.0]
src/components/auth/AuthPopup.vue,191,margin,0,,[]
src/components/auth/AuthPopup.vue,209,padding,16px,True,[16.0]
src/components/auth/AuthPopup.vue,215,margin,8px 0,True,[8.0]
src/components/auth/AuthPopup.vue,236,padding,16px 16px,True,"[16.0, 16.0]"
src/components/auth/AuthPopup.vue,242,padding,8px 16px,True,"[8.0, 16.0]"
src/components/auth/AuthPopup.vue,324,padding,16px,True,[16.0]
src/components/auth/AuthPopup.vue,331,padding,16px,True,[16.0]
src/components/auth/AuthPopup.vue,339,padding,16px,True,[16.0]
src/components/auth/AuthPopup.vue,343,padding,8px 16px,True,"[8.0, 16.0]"
src/views/overview/Dashboard.vue,36,margin,0 auto,,[]
src/views/overview/Dashboard.vue,1378,padding,8px,True,[8.0]
src/views/overview/Dashboard.vue,1389,margin,var(--global-card-gap),,[]
src/views/overview/Dashboard.vue,1428,gap,var(--dashboard-gap-compact),,[]
src/views/overview/Dashboard.vue,1432,margin-bottom,0,,[]
src/views/overview/Dashboard.vue,1452,padding,var(--dashboard-card-padding),,[]
src/views/overview/Dashboard.vue,1470,margin,0,,[]
src/views/overview/Dashboard.vue,1489,gap,var(--dashboard-gap-compact),,[]
src/views/overview/Dashboard.vue,1491,margin-bottom,var(--dashboard-section-margin),,[]
src/views/overview/Dashboard.vue,1541,padding,var(--dashboard-card-padding),,[]
src/views/overview/Dashboard.vue,1564,margin-bottom,0,,[]
src/views/overview/Dashboard.vue,1576,gap,4px,True,[4.0]
src/views/overview/Dashboard.vue,1588,gap,8px,True,[8.0]
src/views/overview/Dashboard.vue,1597,margin-left,auto,,[]
src/views/overview/Dashboard.vue,1648,margin-top,4px,True,[4.0]
src/views/overview/Dashboard.vue,1653,padding,8px 8px,True,"[8.0, 8.0]"
src/views/overview/Dashboard.vue,1665,padding,8px 8px,True,"[8.0, 8.0]"
src/views/overview/Dashboard.vue,1671,gap,8px,True,[8.0]
src/views/overview/Dashboard.vue,1675,padding,0,,[]
src/views/overview/Dashboard.vue,1684,margin,0,,[]
src/views/overview/Dashboard.vue,1689,padding,8px 8px,True,"[8.0, 8.0]"
src/views/overview/Dashboard.vue,1695,gap,8px,True,[8.0]
src/views/overview/Dashboard.vue,1709,gap,8px,True,[8.0]
src/views/overview/Dashboard.vue,1717,gap,4px,True,[4.0]
src/views/overview/Dashboard.vue,1727,padding-top,8px,True,[8.0]
src/views/overview/Dashboard.vue,1728,padding-bottom,8px,True,[8.0]
src/views/overview/Dashboard.vue,1736,padding,0 0,,[]
src/views/overview/Dashboard.vue,1746,gap,4px,True,[4.0]
src/views/overview/Dashboard.vue,1753,gap,8px,True,[8.0]
src/views/overview/Dashboard.vue,1770,padding,0 8px,True,[8.0]
src/views/overview/Dashboard.vue,1790,margin,4px 0 0,True,[4.0]
src/views/overview/Dashboard.vue,1799,margin-top,0,,[]
src/views/overview/Dashboard.vue,1805,padding,8px 16px,True,"[8.0, 16.0]"
src/views/overview/Dashboard.vue,1814,gap,4px,True,[4.0]
src/views/overview/Dashboard.vue,1825,margin-top,8px,True,[8.0]
src/views/overview/Dashboard.vue,2020,gap,8px,True,[8.0]
src/views/overview/Dashboard.vue,2033,gap,4px,True,[4.0]
src/views/overview/Dashboard.vue,2034,padding,8px,True,[8.0]
src/views/overview/Dashboard.vue,2085,padding,var(--dashboard-card-padding),,[]
src/views/overview/Dashboard.vue,2100,margin,0,,[]
src/views/overview/Dashboard.vue,2118,margin-bottom,0,,[]
src/views/overview/Dashboard.vue,2125,gap,8px,True,[8.0]
src/views/overview/Dashboard.vue,2175,padding,8px 8px,True,"[8.0, 8.0]"
src/views/overview/Dashboard.vue,2219,padding,8px,True,[8.0]
src/views/overview/Dashboard.vue,2222,margin-bottom,4px,True,[4.0]
src/views/overview/Dashboard.vue,2226,padding,0,,[]
src/views/overview/Dashboard.vue,2244,margin-bottom,var(--dashboard-section-margin),,[]
src/views/overview/Dashboard.vue,2247,padding,4px 8px,True,"[4.0, 8.0]"
src/views/overview/Dashboard.vue,2267,gap,8px,True,[8.0]
src/views/overview/Dashboard.vue,2283,padding,0 8px,True,[8.0]
src/views/overview/Dashboard.vue,2305,padding,0,,[]
src/views/overview/Dashboard.vue,2306,padding-bottom,64px,True,[64.0]
src/views/overview/Dashboard.vue,2312,padding-bottom,64px,True,[64.0]
src/views/overview/Dashboard.vue,2313,padding,8px,True,[8.0]
src/views/overview/Dashboard.vue,2331,padding,8px,True,[8.0]
src/views/overview/Dashboard.vue,2332,gap,4px,True,[4.0]
src/views/overview/Dashboard.vue,2347,gap,4px,True,[4.0]
src/views/overview/Dashboard.vue,2351,padding,4px,True,[4.0]
src/views/overview/Dashboard.vue,2358,padding,8px,True,[8.0]
src/views/overview/Dashboard.vue,2361,margin-bottom,0,,[]
src/views/overview/Dashboard.vue,2365,padding,0,,[]
src/views/overview/Dashboard.vue,2418,margin-right,16px,True,[16.0]
src/views/overview/Dashboard.vue,2449,padding,16px,True,[16.0]
src/views/overview/Dashboard.vue,2480,padding,16px,True,[16.0]
src/views/overview/Dashboard.vue,2486,gap,16px,True,[16.0]
src/views/overview/Dashboard.vue,2491,padding,24px 24px,True,"[24.0, 24.0]"
src/views/overview/Dashboard.vue,2499,margin,16px 0 16px,True,"[16.0, 16.0]"
src/views/overview/Dashboard.vue,2506,margin,0,,[]
src/views/overview/Dashboard.vue,2516,padding,8px 16px,True,"[8.0, 16.0]"
src/views/overview/Dashboard.vue,2523,margin-top,auto,,[]
src/views/overview/Dashboard.vue,2524,padding-top,24px,True,[24.0]
src/views/overview/Dashboard.vue,2529,margin,0,,[]
src/views/overview/Dashboard.vue,2534,margin-top,16px,True,[16.0]
src/views/overview/Dashboard.vue,2538,margin-top,16px,True,[16.0]
src/views/overview/Dashboard.vue,2541,gap,16px,True,[16.0]
src/views/overview/Dashboard.vue,2553,gap,16px,True,[16.0]
src/views/overview/Dashboard.vue,2560,padding,24px 16px,True,"[24.0, 16.0]"
src/views/overview/Dashboard.vue,2565,gap,8px,True,[8.0]
src/views/overview/Dashboard.vue,2610,padding,16px,True,[16.0]
src/views/overview/Dashboard.vue,2614,padding,16px 16px,True,"[16.0, 16.0]"
src/views/overview/Dashboard.vue,2697,padding,16px,True,[16.0]
src/views/overview/Dashboard.vue,2723,padding,16px 16px,True,"[16.0, 16.0]"
src/views/overview/Dashboard.vue,2728,margin,0,,[]
src/views/overview/Dashboard.vue,2751,padding,16px,True,[16.0]
src/views/overview/Dashboard.vue,2756,padding,16px 16px,True,"[16.0, 16.0]"
src/views/overview/Dashboard.vue,2768,margin,0 0 16px,True,[16.0]
src/views/overview/Dashboard.vue,2784,padding,16px,True,[16.0]
src/views/layout/MainBoard.vue,95,padding,"0 0 calc(2px + env(safe-area-inset-bottom, 0px))",False,"[2.0, 0.0]"
src/views/region/NodeList.vue,333,padding,0,,[]
src/views/region/NodeList.vue,335,padding-bottom,calc(2px + 64px),False,"[2.0, 64.0]"
src/views/region/NodeList.vue,341,padding,0,,[]
src/views/region/NodeList.vue,343,padding-bottom,0,,[]
src/views/region/NodeList.vue,367,padding,"map.get($spacers, 3)",,[]
src/views/region/NodeList.vue,395,margin-bottom,16px,True,[16.0]
src/views/region/NodeList.vue,402,margin,0,,[]
src/views/region/NodeList.vue,416,margin,0,,[]
src/views/region/NodeList.vue,430,margin-top,8px,True,[8.0]
src/views/region/NodeList.vue,432,gap,8px,True,[8.0]
src/views/region/NodeList.vue,441,padding,8px 16px,True,"[8.0, 16.0]"
src/views/region/NodeList.vue,445,gap,8px,True,[8.0]
src/views/region/NodeList.vue,461,margin-top,16px,True,[16.0]
src/views/region/NodeList.vue,464,padding,16px,True,[16.0]
src/views/region/NodeList.vue,471,margin-bottom,8px,True,[8.0]
src/views/region/NodeList.vue,473,margin,0,,[]
src/views/region/NodeList.vue,479,gap,8px,True,[8.0]
src/views/region/NodeList.vue,480,padding,16px,True,[16.0]
src/views/region/NodeList.vue,483,margin-bottom,8px,True,[8.0]
src/views/region/NodeList.vue,503,gap,8px,True,[8.0]
src/views/region/NodeList.vue,504,margin,16px 0,True,[16.0]
src/views/region/NodeList.vue,512,padding,8px 16px,True,"[8.0, 16.0]"
src/views/region/NodeList.vue,515,gap,8px,True,[8.0]
src/views/region/NodeList.vue,527,margin,8px 0 8px,True,"[8.0, 8.0]"
src/views/region/NodeList.vue,533,gap,8px,True,[8.0]
src/views/region/NodeList.vue,539,padding,24px 16px,True,"[24.0, 16.0]"
src/views/region/NodeList.vue,548,gap,8px,True,[8.0]
src/views/region/NodeList.vue,583,padding,16px,True,[16.0]
src/views/region/NodeList.vue,594,margin-bottom,8px,True,[8.0]
src/views/region/NodeList.vue,607,margin,0 0 8px,True,[8.0]
src/views/region/NodeList.vue,614,gap,8px,True,[8.0]
src/views/region/NodeList.vue,630,padding,24px,True,[24.0]
src/views/region/NodeList.vue,635,margin-bottom,16px,True,[16.0]
src/views/region/NodeList.vue,638,margin,0,,[]
src/views/region/NodeList.vue,645,margin,8px 0 0,True,[8.0]
src/views/region/NodeList.vue,655,margin-bottom,16px,True,[16.0]
src/views/region/NodeList.vue,720,gap,8px,True,[8.0]
src/views/region/NodeList.vue,721,margin-bottom,16px,True,[16.0]
src/views/region/NodeList.vue,734,padding,16px,True,[16.0]
src/views/region/NodeList.vue,739,margin,0 0 4px,True,[4.0]
src/views/region/NodeList.vue,744,margin,0,,[]
src/views/region/NodeList.vue,750,margin-top,8px,True,[8.0]
src/views/region/NodeList.vue,755,padding,4px 8px,True,"[4.0, 8.0]"
src/views/region/NodeList.vue,766,gap,8px,True,[8.0]
src/views/region/NodeList.vue,771,padding,8px 16px,True,"[8.0, 16.0]"
src/views/region/NodeList.vue,804,gap,16px,True,[16.0]
src/views/region/NodeList.vue,818,padding,16px 16px,True,"[16.0, 16.0]"
src/views/region/NodeList.vue,848,margin-right,8px,True,[8.0]
src/views/region/NodeList.vue,849,padding,0 8px,True,[8.0]
src/views/region/NodeList.vue,878,margin,0 0 4px,True,[4.0]
src/views/region/NodeList.vue,906,margin,0,,[]
src/views/region/NodeList.vue,913,gap,4px,True,[4.0]
src/views/region/NodeList.vue,915,margin,0 0 4px,True,[4.0]
src/views/region/NodeList.vue,921,padding,0 4px,True,[4.0]
src/views/region/NodeList.vue,941,gap,4px,True,[4.0]
src/views/region/NodeList.vue,943,margin-left,8px,True,[8.0]
src/views/region/NodeList.vue,983,padding,48px 16px,True,"[48.0, 16.0]"
src/views/region/NodeList.vue,991,margin-top,16px,True,[16.0]
src/views/region/NodeList.vue,1017,margin-top,24px,True,[24.0]
src/views/region/NodeList.vue,1023,padding,0 16px,True,[16.0]
src/views/region/NodeList.vue,1031,gap,8px,True,[8.0]
src/views/errors/NotFound.vue,164,padding,16px,True,[16.0]
src/views/errors/NotFound.vue,186,gap,8px,True,[8.0]
src/views/errors/NotFound.vue,196,padding,8px 16px,True,"[8.0, 16.0]"
src/views/errors/NotFound.vue,232,margin,0 auto,,[]
src/views/errors/NotFound.vue,242,margin,0,,[]
src/views/errors/NotFound.vue,265,margin,8px 0 16px,True,"[8.0, 16.0]"
src/views/errors/NotFound.vue,277,margin-bottom,24px,True,[24.0]
src/views/errors/NotFound.vue,291,gap,8px,True,[8.0]
src/views/errors/NotFound.vue,301,padding,8px 24px,True,"[8.0, 24.0]"
src/views/errors/BrowserRestricted.vue,458,padding,16px,True,[16.0]
src/views/errors/BrowserRestricted.vue,498,padding,24px 24px,True,"[24.0, 24.0]"
src/views/errors/BrowserRestricted.vue,512,margin-bottom,8px,True,[8.0]
src/views/errors/BrowserRestricted.vue,523,margin,0,,[]
src/views/errors/BrowserRestricted.vue,533,padding,24px,True,[24.0]
src/views/errors/BrowserRestricted.vue,549,margin-bottom,16px,True,[16.0]
src/views/errors/BrowserRestricted.vue,563,margin-bottom,24px,True,[24.0]
src/views/errors/BrowserRestricted.vue,575,padding,16px 16px,True,"[16.0, 16.0]"
src/views/errors/BrowserRestricted.vue,579,margin-bottom,24px,True,[24.0]
src/views/errors/BrowserRestricted.vue,587,margin,0,,[]
src/views/errors/BrowserRestricted.vue,605,padding,16px 16px,True,"[16.0, 16.0]"
src/views/errors/BrowserRestricted.vue,609,margin-bottom,24px,True,[24.0]
src/views/errors/BrowserRestricted.vue,615,margin,0 0 8px 0,True,[8.0]
src/views/errors/BrowserRestricted.vue,632,padding,8px 16px,True,"[8.0, 16.0]"
src/views/errors/BrowserRestricted.vue,678,margin-left,8px,True,[8.0]
src/views/errors/BrowserRestricted.vue,708,margin,8px 0 0 0,True,[8.0]
src/views/errors/BrowserRestricted.vue,728,margin-bottom,24px,True,[24.0]
src/views/errors/BrowserRestricted.vue,741,margin-bottom,16px,True,[16.0]
src/views/errors/BrowserRestricted.vue,755,gap,16px,True,[16.0]
src/views/errors/BrowserRestricted.vue,759,margin-bottom,16px,True,[16.0]
src/views/errors/BrowserRestricted.vue,775,gap,8px,True,[8.0]
src/views/errors/BrowserRestricted.vue,777,padding,8px 16px,True,"[8.0, 16.0]"
src/views/errors/BrowserRestricted.vue,841,margin-top,16px,True,[16.0]
src/views/errors/BrowserRestricted.vue,845,padding-top,16px,True,[16.0]
src/views/errors/BrowserRestricted.vue,852,margin-bottom,16px,True,[16.0]
src/views/errors/BrowserRestricted.vue,866,gap,8px,True,[8.0]
src/views/errors/BrowserRestricted.vue,878,gap,8px,True,[8.0]
src/views/errors/BrowserRestricted.vue,880,padding,8px 16px,True,"[8.0, 16.0]"
src/views/errors/BrowserRestricted.vue,916,margin-bottom,16px,True,[16.0]
src/views/errors/BrowserRestricted.vue,926,padding,16px,True,[16.0]
src/views/errors/BrowserRestricted.vue,936,padding,4px 0,True,[4.0]
src/views/errors/BrowserRestricted.vue,948,margin-top,8px,True,[8.0]
src/views/errors/BrowserRestricted.vue,994,padding,16px,True,[16.0]
src/views/errors/BrowserRestricted.vue,1018,padding,16px,True,[16.0]
src/views/errors/BrowserRestricted.vue,1032,padding,16px,True,[16.0]
src/views/errors/BrowserRestricted.vue,1046,padding,8px 8px,True,"[8.0, 8.0]"
src/views/errors/BrowserRestricted.vue,1114,gap,8px,True,[8.0]
src/views/errors/BrowserRestricted.vue,1120,padding,4px 8px,True,"[4.0, 8.0]"
src/views/errors/ApiValidation.vue,361,padding,48px 16px,True,"[48.0, 16.0]"
src/views/errors/ApiValidation.vue,379,gap,24px,True,[24.0]
src/views/errors/ApiValidation.vue,382,margin,8px 0,True,[8.0]
src/views/errors/ApiValidation.vue,391,margin,0 auto,,[]
src/views/errors/ApiValidation.vue,445,margin-bottom,8px,True,[8.0]
src/views/errors/ApiValidation.vue,459,padding,24px 16px,True,"[24.0, 16.0]"
src/views/start/DocsPage.vue,285,padding,0,,[]
src/views/start/DocsPage.vue,288,padding-bottom,calc(2px + 64px),False,"[2.0, 64.0]"
src/views/start/DocsPage.vue,294,padding,0,,[]
src/views/start/DocsPage.vue,296,padding-bottom,0,,[]
src/views/start/DocsPage.vue,326,margin-bottom,24px,True,[24.0]
src/views/start/DocsPage.vue,333,margin-bottom,24px,True,[24.0]
src/views/start/DocsPage.vue,353,margin-bottom,24px,True,[24.0]
src/views/start/DocsPage.vue,389,padding,16px 48px,True,"[16.0, 48.0]"
src/views/start/DocsPage.vue,449,padding,4px,True,[4.0]
src/views/start/DocsPage.vue,483,gap,24px,True,[24.0]
src/views/start/DocsPage.vue,500,margin-bottom,16px,True,[16.0]
src/views/start/DocsPage.vue,502,padding-bottom,8px,True,[8.0]
src/views/start/DocsPage.vue,520,gap,8px,True,[8.0]
src/views/start/DocsPage.vue,532,padding,16px 16px,True,"[16.0, 16.0]"
src/views/start/DocsPage.vue,574,margin-bottom,4px,True,[4.0]
src/views/start/DocsPage.vue,612,margin-left,16px,True,[16.0]
src/views/start/DocsPage.vue,650,padding,48px 16px,True,"[48.0, 16.0]"
src/views/start/DocsPage.vue,658,margin-top,16px,True,[16.0]
src/views/start/DocsPage.vue,684,margin-top,24px,True,[24.0]
src/views/start/DocsPage.vue,690,padding,0 16px,True,[16.0]
src/views/start/DocsPage.vue,698,gap,8px,True,[8.0]
src/views/start/DocsPage.vue,758,gap,16px,True,[16.0]
src/views/start/DocsPage.vue,784,margin-top,8px,True,[8.0]
src/views/start/DocsPage.vue,786,padding,8px 16px,True,"[8.0, 16.0]"
src/views/start/DocsPage.vue,800,margin-right,8px,True,[8.0]
src/views/start/DocsPage.vue,812,margin,0,,[]
src/views/start/DocDetail.vue,698,margin,8px 0,True,[8.0]
src/views/start/DocDetail.vue,1229,padding,0,,[]
src/views/start/DocDetail.vue,1232,padding-bottom,calc(2px + 64px),False,"[2.0, 64.0]"
src/views/start/DocDetail.vue,1238,padding,0,,[]
src/views/start/DocDetail.vue,1240,padding-bottom,0,,[]
src/views/start/DocDetail.vue,1262,padding,8px 16px,True,"[8.0, 16.0]"
src/views/start/DocDetail.vue,1274,margin-bottom,24px,True,[24.0]
src/views/start/DocDetail.vue,1302,margin-left,8px,True,[8.0]
src/views/start/DocDetail.vue,1320,padding,64px 16px,True,"[64.0, 16.0]"
src/views/start/DocDetail.vue,1328,margin-top,16px,True,[16.0]
src/views/start/DocDetail.vue,1352,padding,24px 16px,True,"[24.0, 16.0]"
src/views/start/DocDetail.vue,1368,padding,24px,True,[24.0]
src/views/start/DocDetail.vue,1424,margin-bottom,24px,True,[24.0]
src/views/start/DocDetail.vue,1440,margin-bottom,8px,True,[8.0]
src/views/start/DocDetail.vue,1451,margin-bottom,24px,True,[24.0]
src/views/start/DocDetail.vue,1471,padding,8px 24px,True,"[8.0, 24.0]"
src/views/start/DocDetail.vue,1495,margin-right,8px,True,[8.0]
src/views/start/DocDetail.vue,1545,padding,24px,True,[24.0]
src/views/start/DocDetail.vue,1559,padding,24px,True,[24.0]
src/views/start/DocDetail.vue,1579,margin-bottom,24px,True,[24.0]
src/views/start/DocDetail.vue,1581,padding-bottom,16px,True,[16.0]
src/views/start/DocDetail.vue,1589,margin-bottom,16px,True,[16.0]
src/views/start/DocDetail.vue,1610,gap,16px,True,[16.0]
src/views/start/DocDetail.vue,1618,padding,4px 8px,True,"[4.0, 8.0]"
src/views/start/DocDetail.vue,1668,margin-top,24px,True,[24.0]
src/views/start/DocDetail.vue,1670,margin-bottom,16px,True,[16.0]
src/views/start/DocDetail.vue,1690,margin-top,48px,True,[48.0]
src/views/start/DocDetail.vue,1692,padding-bottom,8px,True,[8.0]
src/views/start/DocDetail.vue,1704,padding-bottom,8px,True,[8.0]
src/views/start/DocDetail.vue,1706,margin-top,24px,True,[24.0]
src/views/start/DocDetail.vue,1718,margin-top,24px,True,[24.0]
src/views/start/DocDetail.vue,1758,margin-bottom,24px,True,[24.0]
src/views/start/DocDetail.vue,1768,margin-bottom,24px,True,[24.0]
src/views/start/DocDetail.vue,1770,padding-left,24px,True,[24.0]
src/views/start/DocDetail.vue,1776,margin-bottom,16px,True,[16.0]
src/views/start/DocDetail.vue,1784,margin-bottom,0,,[]
src/views/start/DocDetail.vue,1848,margin,24px auto,True,[24.0]
src/views/start/DocDetail.vue,1882,padding,4px 8px,True,"[4.0, 8.0]"
src/views/start/DocDetail.vue,1894,margin,0 0,,[]
src/views/start/DocDetail.vue,1904,padding,16px,True,[16.0]
src/views/start/DocDetail.vue,1910,margin,24px 0,True,[24.0]
src/views/start/DocDetail.vue,1936,padding,0,,[]
src/views/start/DocDetail.vue,1984,margin-left,0,,[]
src/views/start/DocDetail.vue,1986,margin-right,0,,[]
src/views/start/DocDetail.vue,1988,margin-bottom,24px,True,[24.0]
src/views/start/DocDetail.vue,1996,padding,16px 24px,True,"[16.0, 24.0]"
src/views/start/DocDetail.vue,2016,margin-bottom,16px,True,[16.0]
src/views/start/DocDetail.vue,2022,margin-bottom,0,,[]
src/views/start/DocDetail.vue,2042,margin,24px 0,True,[24.0]
src/views/start/DocDetail.vue,2094,padding,16px 16px,True,"[16.0, 16.0]"
src/views/start/DocDetail.vue,2150,margin,24px 0,True,[24.0]
src/views/start/DocDetail.vue,2180,margin-right,8px,True,[8.0]
src/views/start/DocDetail.vue,2190,margin-top,24px,True,[24.0]
src/views/start/DocDetail.vue,2192,padding-top,16px,True,[16.0]
src/views/start/DocDetail.vue,2208,margin,24px 0,True,[24.0]
src/views/start/DocDetail.vue,2210,padding,24px,True,[24.0]
src/views/start/DocDetail.vue,2254,padding,4px 16px,True,"[4.0, 16.0]"
src/views/start/DocDetail.vue,2286,padding,8px 16px !important,True,"[8.0, 16.0]"
src/views/start/DocDetail.vue,2304,margin,8px 4px !important,True,"[8.0, 4.0]"
src/views/start/DocDetail.vue,2334,margin-right,4px !important,True,[4.0]
src/views/start/QuickStartPage.vue,419,padding-bottom,calc(2px + 64px),False,"[2.0, 64.0]"
src/views/start/QuickStartPage.vue,422,padding-bottom,0,,[]
src/views/start/QuickStartPage.vue,430,padding,"map.get($spacers, 2)",,[]
src/views/start/QuickStartPage.vue,433,margin,0,,[]
src/views/start/QuickStartPage.vue,438,margin,4px 0 0,True,[4.0]
src/views/start/QuickStartPage.vue,447,padding,"map.get($spacers, 3)",,[]
src/views/start/QuickStartPage.vue,452,gap,8px,True,[8.0]
src/views/start/QuickStartPage.vue,453,margin-bottom,16px,True,[16.0]
src/views/start/QuickStartPage.vue,456,margin,0,,[]
src/views/start/QuickStartPage.vue,477,margin,0,,[]
src/views/start/QuickStartPage.vue,482,margin-top,16px,True,[16.0]
src/views/start/QuickStartPage.vue,485,gap,8px,True,[8.0]
src/views/start/QuickStartPage.vue,492,padding,8px,True,[8.0]
src/views/start/QuickStartPage.vue,498,gap,4px,True,[4.0]
src/views/start/QuickStartPage.vue,523,padding,"map.get($spacers, 2) 24px map.get($spacers, 2) map.get($spacers, 2)",True,[24.0]
src/views/start/QuickStartPage.vue,528,gap,8px,True,[8.0]
src/views/start/QuickStartPage.vue,545,margin-top,8px,True,[8.0]
src/views/start/QuickStartPage.vue,548,gap,8px,True,[8.0]
src/views/start/QuickStartPage.vue,555,padding,"map.get($spacers, 2) 24px map.get($spacers, 2) map.get($spacers, 2)",True,[24.0]
src/views/start/QuickStartPage.vue,559,gap,8px,True,[8.0]
src/views/start/QuickStartPage.vue,569,gap,4px,True,[4.0]
src/views/start/QuickStartPage.vue,594,padding,0 4px,True,[4.0]
src/views/start/QuickStartPage.vue,621,margin-top,8px,True,[8.0]
src/views/start/QuickStartPage.vue,624,gap,8px,True,[8.0]
src/views/start/QuickStartPage.vue,633,padding,"map.get($spacers, 2)",,[]
src/views/start/QuickStartPage.vue,638,gap,4px,True,[4.0]
src/views/start/QuickStartPage.vue,647,margin-top,8px,True,[8.0]
src/views/start/QuickStartPage.vue,664,padding,"map.get($spacers, 3)",,[]
src/views/start/QuickStartPage.vue,670,margin-bottom,8px,True,[8.0]
src/views/start/QuickStartPage.vue,687,margin,0 auto,,[]
src/views/landing/LandingPage.vue,488,gap,8px,True,[8.0]
src/views/landing/LandingPage.vue,506,padding,0 16px,True,[16.0]
src/views/landing/LandingPage.vue,517,margin-bottom,16px,True,[16.0]
src/views/landing/LandingPage.vue,537,gap,16px,True,[16.0]
src/views/landing/LandingPage.vue,563,margin-bottom,24px,True,[24.0]
src/views/landing/LandingPage.vue,639,margin-bottom,8px,True,[8.0]
src/views/account/security/SecuritySettings.vue,389,padding,0,,[]
src/views/account/security/SecuritySettings.vue,400,gap,8px,True,[8.0]
src/views/account/security/SecuritySettings.vue,402,padding,0,,[]
src/views/account/security/SecuritySettings.vue,403,margin-bottom,8px,True,[8.0]
src/views/account/security/SecuritySettings.vue,417,padding,16px 16px,True,"[16.0, 16.0]"
src/views/account/security/SecuritySettings.vue,421,margin,0,,[]
src/views/account/security/SecuritySettings.vue,427,padding,16px 16px,True,"[16.0, 16.0]"
src/views/account/security/SecuritySettings.vue,433,padding,8px 8px,True,"[8.0, 8.0]"
src/views/account/security/SecuritySettings.vue,436,gap,8px,True,[8.0]
src/views/account/security/SecuritySettings.vue,444,gap,8px,True,[8.0]
src/views/account/security/SecuritySettings.vue,465,gap,8px,True,[8.0]
src/views/account/security/SecuritySettings.vue,466,padding,8px 0,True,[8.0]
src/views/account/security/SecuritySettings.vue,482,gap,8px,True,[8.0]
src/views/account/security/SecuritySettings.vue,488,padding,0 8px,True,[8.0]
src/views/account/security/SecuritySettings.vue,502,padding,4px 8px,True,"[4.0, 8.0]"
src/views/account/security/SecuritySettings.vue,509,gap,8px,True,[8.0]
src/views/account/security/SecuritySettings.vue,517,padding,16px 0,True,[16.0]
src/views/account/security/SecuritySettings.vue,524,padding,4px 8px,True,"[4.0, 8.0]"
src/views/account/security/SecuritySettings.vue,530,gap,8px,True,[8.0]
src/views/account/security/SecuritySettings.vue,531,margin-bottom,8px,True,[8.0]
src/views/account/security/SecuritySettings.vue,550,margin-bottom,8px,True,[8.0]
src/views/account/security/SecuritySettings.vue,584,padding,16px 16px,True,"[16.0, 16.0]"
src/views/account/security/SecuritySettings.vue,591,margin,0,,[]
src/views/account/security/SecuritySettings.vue,602,padding,4px,True,[4.0]
src/views/account/security/SecuritySettings.vue,617,padding,16px,True,[16.0]
src/views/account/security/SecuritySettings.vue,620,margin-bottom,16px,True,[16.0]
src/views/account/security/SecuritySettings.vue,623,margin-bottom,0,,[]
src/views/account/security/SecuritySettings.vue,631,margin-bottom,8px,True,[8.0]
src/views/account/security/SecuritySettings.vue,636,padding,8px 8px,True,"[8.0, 8.0]"
src/views/account/security/SecuritySettings.vue,652,margin-top,4px,True,[4.0]
src/views/account/security/SecuritySettings.vue,660,padding,16px 16px,True,"[16.0, 16.0]"
src/views/account/security/SecuritySettings.vue,664,gap,8px,True,[8.0]
src/views/account/security/SecuritySettings.vue,667,padding,8px 16px,True,"[8.0, 16.0]"
src/views/account/security/SecuritySettings.vue,690,gap,8px,True,[8.0]
src/views/account/invite/Invite.vue,740,padding,16px,True,[16.0]
src/views/account/invite/Invite.vue,741,margin-bottom,16px,True,[16.0]
src/views/account/invite/Invite.vue,748,padding,16px,True,[16.0]
src/views/account/invite/Invite.vue,755,padding,24px,True,[24.0]
src/views/account/invite/Invite.vue,758,margin-bottom,8px,True,[8.0]
src/views/account/invite/Invite.vue,767,margin,0,,[]
src/views/account/invite/Invite.vue,774,gap,16px,True,[16.0]
src/views/account/invite/Invite.vue,775,margin-bottom,16px,True,[16.0]
src/views/account/invite/Invite.vue,779,padding,16px,True,[16.0]
src/views/account/invite/Invite.vue,781,gap,8px,True,[8.0]
src/views/account/invite/Invite.vue,786,margin-right,0,,[]
src/views/account/invite/Invite.vue,799,gap,4px,True,[4.0]
src/views/account/invite/Invite.vue,804,margin-bottom,0,,[]
src/views/account/invite/Invite.vue,819,gap,8px,True,[8.0]
src/views/account/invite/Invite.vue,824,padding,8px 8px 8px 48px,True,"[8.0, 8.0, 8.0, 48.0]"
src/views/account/invite/Invite.vue,825,gap,8px,True,[8.0]
src/views/account/invite/Invite.vue,851,margin-bottom,4px,True,[4.0]
src/views/account/invite/Invite.vue,865,gap,16px,True,[16.0]
src/views/account/invite/Invite.vue,870,margin-bottom,4px,True,[4.0]
src/views/account/invite/Invite.vue,874,margin-bottom,4px,True,[4.0]
src/views/account/invite/Invite.vue,881,gap,8px,True,[8.0]
src/views/account/invite/Invite.vue,886,padding,0 16px,True,[16.0]
src/views/account/invite/Invite.vue,892,padding,16px 16px,True,"[16.0, 16.0]"
src/views/account/invite/Invite.vue,898,gap,8px,True,[8.0]
src/views/account/invite/Invite.vue,904,padding,8px,True,[8.0]
src/views/account/invite/Invite.vue,911,margin-bottom,4px,True,[4.0]
src/views/account/invite/Invite.vue,921,margin,16px 0 8px,True,"[16.0, 8.0]"
src/views/account/invite/Invite.vue,922,padding,0,,[]
src/views/account/invite/Invite.vue,930,padding,16px,True,[16.0]
src/views/account/invite/Invite.vue,934,margin-bottom,8px,True,[8.0]
src/views/account/invite/Invite.vue,943,padding,8px 8px,True,"[8.0, 8.0]"
src/views/account/invite/Invite.vue,975,padding,16px,True,[16.0]
src/views/account/invite/Invite.vue,981,gap,8px,True,[8.0]
src/views/account/invite/Invite.vue,997,gap,8px,True,[8.0]
src/views/account/invite/Invite.vue,1526,padding,8px,True,[8.0]
src/views/account/invite/Invite.vue,1534,gap,8px,True,[8.0]
src/views/account/invite/Invite.vue,1541,padding,8px,True,[8.0]
src/views/account/invite/Invite.vue,1545,margin-bottom,8px,True,[8.0]
src/views/account/invite/Invite.vue,1549,gap,8px,True,[8.0]
src/views/account/invite/Invite.vue,1553,margin,0,,[]
src/views/account/invite/Invite.vue,1559,gap,8px,True,[8.0]
src/views/account/invite/Invite.vue,1572,gap,8px,True,[8.0]
src/views/account/invite/Invite.vue,1577,padding,0 16px,True,[16.0]
src/views/account/invite/Invite.vue,1590,gap,4px,True,[4.0]
src/views/account/invite/Invite.vue,1591,padding,0 8px,True,[8.0]
src/views/account/invite/Invite.vue,1612,gap,8px,True,[8.0]
src/views/account/invite/Invite.vue,1617,margin-bottom,16px,True,[16.0]
src/views/account/invite/Invite.vue,1624,padding,8px,True,[8.0]
src/views/account/invite/Invite.vue,1632,margin-top,4px,True,[4.0]
src/views/account/invite/Invite.vue,1638,gap,16px,True,[16.0]
src/views/account/invite/Invite.vue,1645,gap,8px,True,[8.0]
src/views/account/invite/Invite.vue,1672,gap,0,,[]
src/views/account/invite/Invite.vue,1687,padding,16px,True,[16.0]
src/views/account/invite/Invite.vue,1695,gap,4px,True,[4.0]
src/views/account/invite/Invite.vue,1700,margin-top,8px,True,[8.0]
src/views/account/invite/Invite.vue,1703,gap,4px,True,[4.0]
src/views/account/invite/Invite.vue,1707,margin-top,8px,True,[8.0]
src/views/account/invite/Invite.vue,1713,padding,8px 8px,True,"[8.0, 8.0]"
src/views/account/invite/Invite.vue,1729,margin-top,8px,True,[8.0]
src/views/account/invite/Invite.vue,1737,gap,4px,True,[4.0]
src/views/account/invite/Invite.vue,1755,gap,8px,True,[8.0]
src/views/account/invite/Invite.vue,1760,padding,0 8px,True,[8.0]
src/views/account/invite/Invite.vue,1766,margin-bottom,16px,True,[16.0]
src/views/account/invite/Invite.vue,1775,padding,0 8px,True,[8.0]
src/views/account/invite/Invite.vue,1780,margin,0 auto,,[]
src/views/account/invite/Invite.vue,1786,gap,8px,True,[8.0]
src/views/account/invite/Invite.vue,1796,gap,8px,True,[8.0]
src/views/account/invite/Invite.vue,1804,padding,8px,True,[8.0]
src/views/account/invite/Invite.vue,1810,gap,8px,True,[8.0]
src/views/account/invite/Invite.vue,1817,padding,16px,True,[16.0]
src/views/account/invite/Invite.vue,1823,gap,8px,True,[8.0]
src/views/account/invite/Invite.vue,1824,margin-bottom,8px,True,[8.0]
src/views/account/invite/Invite.vue,1827,margin,0,,[]
src/views/account/invite/Invite.vue,1832,margin,4px 0 0,True,[4.0]
src/views/account/invite/Invite.vue,1838,margin-left,auto,,[]
src/views/account/invite/Invite.vue,1841,padding,0 8px,True,[8.0]
src/views/account/invite/Invite.vue,1846,gap,4px,True,[4.0]
src/views/account/invite/Invite.vue,1875,gap,8px,True,[8.0]
src/views/account/invite/Invite.vue,1879,margin,0 0 8px,True,[8.0]
src/views/account/invite/Invite.vue,1885,margin-left,4px,True,[4.0]
src/views/account/invite/Invite.vue,1908,padding,8px 4px,True,"[8.0, 4.0]"
src/views/account/invite/Invite.vue,1922,padding,16px,True,[16.0]
src/views/account/invite/Invite.vue,1938,padding,16px 16px,True,"[16.0, 16.0]"
src/views/account/invite/Invite.vue,1945,margin,0,,[]
src/views/account/invite/Invite.vue,1949,gap,8px,True,[8.0]
src/views/account/invite/Invite.vue,1965,padding,4px,True,[4.0]
src/views/account/invite/Invite.vue,1980,margin,0,,[]
src/views/account/invite/Invite.vue,1987,padding,16px 16px,True,"[16.0, 16.0]"
src/views/account/invite/Invite.vue,1993,gap,8px,True,[8.0]
src/views/account/invite/Invite.vue,1995,padding,8px 16px,True,"[8.0, 16.0]"
src/views/account/invite/Invite.vue,1996,margin-bottom,16px,True,[16.0]
src/views/account/invite/Invite.vue,2012,margin-bottom,0,,[]
src/views/account/invite/Invite.vue,2024,gap,8px,True,[8.0]
src/views/account/invite/Invite.vue,2029,gap,8px,True,[8.0]
src/views/account/invite/Invite.vue,2052,padding,0 8px,True,[8.0]
src/views/account/invite/Invite.vue,2067,padding,0 16px,True,[16.0]
src/views/account/invite/Invite.vue,2082,padding,16px 16px 16px,True,"[16.0, 16.0, 16.0]"
src/views/account/invite/Invite.vue,2086,gap,8px,True,[8.0]
src/views/account/invite/Invite.vue,2096,padding,0,,[]
src/views/account/invite/Invite.vue,2105,padding,16px,True,[16.0]
src/views/account/invite/Invite.vue,2113,padding,16px,True,[16.0]
src/views/account/wallet/WalletDeposit.vue,299,padding,0,,[]
src/views/account/wallet/WalletDeposit.vue,302,padding-bottom,64px,True,[64.0]
src/views/account/wallet/WalletDeposit.vue,316,gap,8px,True,[8.0]
src/views/account/wallet/WalletDeposit.vue,318,padding,0,,[]
src/views/account/wallet/WalletDeposit.vue,319,margin-bottom,8px,True,[8.0]
src/views/account/wallet/WalletDeposit.vue,330,padding,"map.get($spacers, 3)",,[]
src/views/account/wallet/WalletDeposit.vue,350,margin-bottom,16px,True,[16.0]
src/views/account/wallet/WalletDeposit.vue,354,margin,0,,[]
src/views/account/wallet/WalletDeposit.vue,366,margin,0,,[]
src/views/account/wallet/WalletDeposit.vue,377,padding,16px,True,[16.0]
src/views/account/wallet/WalletDeposit.vue,378,gap,16px,True,[16.0]
src/views/account/wallet/WalletDeposit.vue,389,gap,8px,True,[8.0]
src/views/account/wallet/WalletDeposit.vue,390,margin,0 auto 8px,True,[8.0]
src/views/account/wallet/WalletDeposit.vue,397,padding,8px 8px,True,"[8.0, 8.0]"
src/views/account/wallet/WalletDeposit.vue,426,margin,0 auto 8px,True,[8.0]
src/views/account/wallet/WalletDeposit.vue,436,margin,0 auto,,[]
src/views/account/wallet/WalletDeposit.vue,468,gap,8px,True,[8.0]
src/views/account/wallet/WalletDeposit.vue,469,padding,8px,True,[8.0]
src/views/account/wallet/WalletDeposit.vue,484,margin-bottom,8px,True,[8.0]
src/views/account/wallet/WalletDeposit.vue,490,gap,8px,True,[8.0]
src/views/account/wallet/WalletDeposit.vue,525,padding,8px 8px,True,"[8.0, 8.0]"
src/views/account/wallet/WalletDeposit.vue,543,margin-right,0,,[]
src/views/account/wallet/WalletDeposit.vue,557,margin-top,8px,True,[8.0]
src/views/account/wallet/WalletDeposit.vue,563,margin-bottom,8px,True,[8.0]
src/views/account/wallet/WalletDeposit.vue,587,padding,0 16px 0 24px,True,"[16.0, 24.0]"
src/views/account/wallet/WalletDeposit.vue,610,margin-top,8px,True,[8.0]
src/views/account/wallet/WalletDeposit.vue,618,margin-top,24px,True,[24.0]
src/views/account/wallet/WalletDeposit.vue,626,gap,8px,True,[8.0]
src/views/account/wallet/WalletDeposit.vue,631,padding,0 24px,True,[24.0]
src/views/account/wallet/WalletDeposit.vue,708,padding,8px,True,[8.0]
src/views/account/wallet/WalletDeposit.vue,709,padding-bottom,64px,True,[64.0]
src/views/account/wallet/WalletDeposit.vue,712,padding,16px,True,[16.0]
src/views/account/wallet/WalletDeposit.vue,717,padding,16px,True,[16.0]
src/views/account/wallet/WalletDeposit.vue,718,gap,8px,True,[8.0]
src/views/account/wallet/WalletDeposit.vue,724,padding,8px 8px,True,"[8.0, 8.0]"
src/views/account/wallet/WalletDeposit.vue,725,gap,8px,True,[8.0]
src/views/account/wallet/WalletDeposit.vue,729,margin-bottom,4px,True,[4.0]
src/views/account/wallet/WalletDeposit.vue,733,gap,8px,True,[8.0]
src/views/account/wallet/WalletDeposit.vue,736,padding,8px 8px,True,"[8.0, 8.0]"
src/views/account/wallet/WalletDeposit.vue,742,margin-top,8px,True,[8.0]
src/views/account/wallet/WalletDeposit.vue,746,margin-top,16px,True,[16.0]
src/views/account/wallet/WalletDeposit.vue,753,padding,0 16px,True,[16.0]
src/views/account/wallet/WalletDeposit.vue,768,margin,0 auto,,[]
src/views/account/orders/OrderList.vue,356,padding,0,,[]
src/views/account/orders/OrderList.vue,357,padding-bottom,calc(2px + 64px),False,"[2.0, 64.0]"
src/views/account/orders/OrderList.vue,364,padding,0,,[]
src/views/account/orders/OrderList.vue,365,padding-bottom,0,,[]
src/views/account/orders/OrderList.vue,377,gap,8px,True,[8.0]
src/views/account/orders/OrderList.vue,379,padding,0,,[]
src/views/account/orders/OrderList.vue,380,margin-bottom,8px,True,[8.0]
src/views/account/orders/OrderList.vue,390,margin-bottom,8px,True,[8.0]
src/views/account/orders/OrderList.vue,396,gap,8px,True,[8.0]
src/views/account/orders/OrderList.vue,441,padding,16px 16px,True,"[16.0, 16.0]"
src/views/account/orders/OrderList.vue,457,padding,8px 4px,True,"[8.0, 4.0]"
src/views/account/orders/OrderList.vue,485,padding,4px 8px,True,"[4.0, 8.0]"
src/views/account/orders/OrderList.vue,523,gap,8px,True,[8.0]
src/views/account/orders/OrderList.vue,529,gap,4px,True,[4.0]
src/views/account/orders/OrderList.vue,531,padding,4px 8px,True,"[4.0, 8.0]"
src/views/account/orders/OrderList.vue,575,padding,8px 4px,True,"[8.0, 4.0]"
src/views/account/orders/OrderList.vue,579,gap,4px,True,[4.0]
src/views/account/orders/OrderList.vue,584,padding,0 4px,True,[4.0]
src/views/account/orders/OrderList.vue,594,padding,4px 4px,True,"[4.0, 4.0]"
src/views/account/orders/OrderList.vue,608,padding,48px 16px,True,"[48.0, 16.0]"
src/views/account/orders/OrderList.vue,612,margin-top,16px,True,[16.0]
src/views/account/orders/OrderList.vue,626,margin-top,24px,True,[24.0]
src/views/account/orders/OrderList.vue,629,padding,0 16px,True,[16.0]
src/views/account/orders/OrderList.vue,633,gap,8px,True,[8.0]
src/views/account/orders/OrderList.vue,708,padding,16px 16px,True,"[16.0, 16.0]"
src/views/account/orders/OrderList.vue,715,margin,0,,[]
src/views/account/orders/OrderList.vue,726,padding,4px,True,[4.0]
src/views/account/orders/OrderList.vue,741,padding,24px,True,[24.0]
src/views/account/orders/OrderList.vue,744,margin,0 0 24px,True,[24.0]
src/views/account/orders/OrderList.vue,750,padding,16px 24px,True,"[16.0, 24.0]"
src/views/account/orders/OrderList.vue,754,gap,16px,True,[16.0]
src/views/account/orders/OrderList.vue,757,padding,8px 16px,True,"[8.0, 16.0]"
src/views/account/orders/OrderList.vue,780,gap,8px,True,[8.0]
src/views/account/orders/OrderList.vue,827,padding-bottom,calc(2px + 56px),False,"[2.0, 56.0]"
src/views/account/profile/ConfigManagement.vue,84,padding-bottom,0,,[]
src/views/account/profile/ConfigManagement.vue,95,gap,8px,True,[8.0]
src/views/account/profile/ConfigManagement.vue,97,padding,0,,[]
src/views/account/profile/ConfigManagement.vue,98,margin-bottom,8px,True,[8.0]
src/views/account/profile/ConfigManagement.vue,109,padding,16px,True,[16.0]
src/views/account/profile/ConfigManagement.vue,113,margin,0 0 8px,True,[8.0]
src/views/account/profile/ConfigManagement.vue,121,padding,8px 16px,True,"[8.0, 16.0]"
src/views/account/profile/ConfigManagement.vue,149,padding,16px 16px,True,"[16.0, 16.0]"
src/views/account/profile/ConfigManagement.vue,156,margin,0,,[]
src/views/account/profile/ConfigManagement.vue,162,padding,16px,True,[16.0]
src/views/account/profile/ConfigManagement.vue,163,margin,0,,[]
src/views/account/profile/ConfigManagement.vue,170,gap,8px,True,[8.0]
src/views/account/profile/ConfigManagement.vue,171,padding,0 16px 16px,True,"[16.0, 16.0]"
src/views/account/profile/MyCenter.vue,588,padding,0 0 0,,[]
src/views/account/profile/MyCenter.vue,602,gap,0,,[]
src/views/account/profile/MyCenter.vue,612,padding,8px 16px,True,"[8.0, 16.0]"
src/views/account/profile/MyCenter.vue,669,padding,"map.get($spacers, 3)",,[]
src/views/account/profile/MyCenter.vue,672,padding,"map.get($spacers, 3)",,[]
src/views/account/profile/MyCenter.vue,676,margin-top,0,,[]
src/views/account/profile/MyCenter.vue,681,padding,16px 0 4px,True,"[16.0, 4.0]"
src/views/account/profile/MyCenter.vue,690,padding,8px 0,True,[8.0]
src/views/account/profile/MyCenter.vue,700,gap,4px,True,[4.0]
src/views/account/profile/MyCenter.vue,726,padding,16px,True,[16.0]
src/views/account/profile/MyCenter.vue,740,margin,0,,[]
src/views/account/profile/MyCenter.vue,747,margin,0,,[]
src/views/account/profile/MyCenter.vue,754,margin-top,4px,True,[4.0]
src/views/account/profile/MyCenter.vue,757,gap,8px,True,[8.0]
src/views/account/profile/MyCenter.vue,782,padding,4px 8px,True,"[4.0, 8.0]"
src/views/account/profile/MyCenter.vue,799,margin,8px 0,True,[8.0]
src/views/account/profile/MyCenter.vue,817,margin-top,8px,True,[8.0]
src/views/account/profile/MyCenter.vue,823,padding-left,8px,True,[8.0]
src/views/account/profile/MyCenter.vue,824,padding-right,8px,True,[8.0]
src/views/account/profile/MyCenter.vue,828,padding,8px,True,[8.0]
src/views/account/profile/MyCenter.vue,835,margin-bottom,4px,True,[4.0]
src/views/account/profile/MyCenter.vue,854,margin,0,,[]
src/views/account/profile/MyCenter.vue,864,padding,0 0,,[]
src/views/account/profile/MyCenter.vue,868,margin,0,,[]
src/views/account/profile/MyCenter.vue,869,padding,0 0,,[]
src/views/account/profile/MyCenter.vue,882,margin,8px 0 0,True,[8.0]
src/views/account/profile/MyCenter.vue,909,gap,4px,True,[4.0]
src/views/account/profile/MyCenter.vue,916,gap,8px,True,[8.0]
src/views/account/profile/MyCenter.vue,932,padding,8px 16px,True,"[8.0, 16.0]"
src/views/account/profile/MyCenter.vue,953,margin,4px 0 0,True,[4.0]
src/views/account/profile/MyCenter.vue,961,padding,8px,True,[8.0]
src/views/account/profile/MyCenter.vue,968,padding,8px,True,[8.0]
src/views/account/profile/MyCenter.vue,971,margin,4px 0 0,True,[4.0]
src/views/account/profile/MyCenter.vue,1049,padding,16px 16px,True,"[16.0, 16.0]"
src/views/account/profile/MyCenter.vue,1056,margin,0,,[]
src/views/account/profile/MyCenter.vue,1068,padding,4px,True,[4.0]
src/views/account/profile/MyCenter.vue,1083,padding,16px,True,[16.0]
src/views/account/profile/MyCenter.vue,1090,margin-bottom,0,,[]
src/views/account/profile/MyCenter.vue,1098,margin-bottom,8px,True,[8.0]
src/views/account/profile/MyCenter.vue,1103,padding,8px 8px,True,"[8.0, 8.0]"
src/views/account/profile/MyCenter.vue,1120,margin-top,4px,True,[4.0]
src/views/account/profile/MyCenter.vue,1126,padding,16px 16px,True,"[16.0, 16.0]"
src/views/account/profile/MyCenter.vue,1135,padding,8px 16px,True,"[8.0, 16.0]"
src/views/account/profile/MyCenter.vue,1146,padding,8px 16px,True,"[8.0, 16.0]"
src/views/account/profile/MyCenter.vue,1156,padding,16px,True,[16.0]
src/views/account/profile/MyCenter.vue,1157,margin,0,,[]
src/views/account/profile/MyCenter.vue,1165,padding,0 16px 16px,True,"[16.0, 16.0]"
src/views/account/profile/MyCenter.vue,1202,padding,0 8px,True,[8.0]
src/views/account/profile/MyCenter.vue,1207,padding,16px 8px 8px,True,"[16.0, 8.0, 8.0]"
src/views/account/profile/MyCenter.vue,1212,padding,16px,True,[16.0]
src/views/account/profile/MyCenter.vue,1214,padding,8px,True,[8.0]
src/views/account/profile/MyCenter.vue,1215,padding,16px 16px 8px,True,"[16.0, 16.0, 8.0]"
src/views/account/profile/MyCenter.vue,1217,padding,8px 16px,True,"[8.0, 16.0]"
src/views/account/traffic/TrafficLog.vue,814,padding,0,,[]
src/views/account/traffic/TrafficLog.vue,816,padding-bottom,64px,True,[64.0]
src/views/account/traffic/TrafficLog.vue,856,gap,8px,True,[8.0]
src/views/account/traffic/TrafficLog.vue,861,gap,4px,True,[4.0]
src/views/account/traffic/TrafficLog.vue,865,padding,8px 16px,True,"[8.0, 16.0]"
src/views/account/traffic/TrafficLog.vue,897,padding,16px,True,[16.0]
src/views/account/traffic/TrafficLog.vue,921,margin-bottom,16px,True,[16.0]
src/views/account/traffic/TrafficLog.vue,924,gap,4px,True,[4.0]
src/views/account/traffic/TrafficLog.vue,929,margin,0,,[]
src/views/account/traffic/TrafficLog.vue,945,padding,8px 16px,True,"[8.0, 16.0]"
src/views/account/traffic/TrafficLog.vue,947,margin-top,16px,True,[16.0]
src/views/account/traffic/TrafficLog.vue,954,margin-bottom,8px,True,[8.0]
src/views/account/traffic/TrafficLog.vue,964,padding,8px,True,[8.0]
src/views/account/traffic/TrafficLog.vue,986,padding,48px 0,True,[48.0]
src/views/account/traffic/TrafficLog.vue,992,margin-top,16px,True,[16.0]
src/views/account/traffic/TrafficLog.vue,1044,margin-top,16px,True,[16.0]
src/views/account/traffic/TrafficLog.vue,1046,padding,8px 16px,True,"[8.0, 16.0]"
src/views/account/traffic/TrafficLog.vue,1078,margin-top,8px,True,[8.0]
src/views/account/traffic/TrafficLog.vue,1096,padding,8px 16px,True,"[8.0, 16.0]"
src/views/account/traffic/TrafficLog.vue,1140,padding,8px 4px,True,"[8.0, 4.0]"
src/views/account/commerce/OrderConfirm.vue,1757,padding,0,,[]
src/views/account/commerce/OrderConfirm.vue,1760,padding-left,0 !important,,[]
src/views/account/commerce/OrderConfirm.vue,1761,padding-right,0 !important,,[]
src/views/account/commerce/OrderConfirm.vue,1768,margin-top,0,,[]
src/views/account/commerce/OrderConfirm.vue,1776,padding-bottom,"var(--page-content-bottom-gap, 12px)",False,[12.0]
src/views/account/commerce/OrderConfirm.vue,1780,margin-bottom,24px,True,[24.0]
src/views/account/commerce/OrderConfirm.vue,1788,padding,16px,True,[16.0]
src/views/account/commerce/OrderConfirm.vue,1807,margin-bottom,16px,True,[16.0]
src/views/account/commerce/OrderConfirm.vue,1814,margin,0,,[]
src/views/account/commerce/OrderConfirm.vue,1820,margin,0,,[]
src/views/account/commerce/OrderConfirm.vue,1834,gap,24px,True,[24.0]
src/views/account/commerce/OrderConfirm.vue,1856,margin-bottom,24px,True,[24.0]
src/views/account/commerce/OrderConfirm.vue,1861,margin-bottom,16px,True,[16.0]
src/views/account/commerce/OrderConfirm.vue,1870,padding-left,16px,True,[16.0]
src/views/account/commerce/OrderConfirm.vue,1896,margin-left,4px,True,[4.0]
src/views/account/commerce/OrderConfirm.vue,1901,padding,0 8px,True,[8.0]
src/views/account/commerce/OrderConfirm.vue,1915,padding,0,,[]
src/views/account/commerce/OrderConfirm.vue,1916,margin-top,"map.get($spacers, 2)",,[]
src/views/account/commerce/OrderConfirm.vue,1917,margin-bottom,"map.get($spacers, 2)",,[]
src/views/account/commerce/OrderConfirm.vue,1923,gap,8px,True,[8.0]
src/views/account/commerce/OrderConfirm.vue,1932,padding,8px,True,[8.0]
src/views/account/commerce/OrderConfirm.vue,1986,margin-top,24px,True,[24.0]
src/views/account/commerce/OrderConfirm.vue,2010,margin-top,"map.get($spacers, 2) !important",,[]
src/views/account/commerce/OrderConfirm.vue,2011,margin-bottom,"map.get($spacers, 2) !important",,[]
src/views/account/commerce/OrderConfirm.vue,2018,margin-top,"map.get($spacers, 2) !important",,[]
src/views/account/commerce/OrderConfirm.vue,2019,margin-bottom,"map.get($spacers, 2) !important",,[]
src/views/account/commerce/OrderConfirm.vue,2026,margin-top,"map.get($spacers, 2) !important",,[]
src/views/account/commerce/OrderConfirm.vue,2027,margin-bottom,"map.get($spacers, 2) !important",,[]
src/views/account/commerce/OrderConfirm.vue,2034,margin-top,"map.get($spacers, 2)",,[]
src/views/account/commerce/OrderConfirm.vue,2035,margin-bottom,"map.get($spacers, 2)",,[]
src/views/account/commerce/OrderConfirm.vue,2045,padding,24px,True,[24.0]
src/views/account/commerce/OrderConfirm.vue,2047,margin-bottom,24px,True,[24.0]
src/views/account/commerce/OrderConfirm.vue,2070,margin-bottom,16px,True,[16.0]
src/views/account/commerce/OrderConfirm.vue,2077,margin,0,,[]
src/views/account/commerce/OrderConfirm.vue,2089,padding,4px 8px,True,"[4.0, 8.0]"
src/views/account/commerce/OrderConfirm.vue,2133,margin-right,4px,True,[4.0]
src/views/account/commerce/OrderConfirm.vue,2140,margin,0,,[]
src/views/account/commerce/OrderConfirm.vue,2147,margin-bottom,16px,True,[16.0]
src/views/account/commerce/OrderConfirm.vue,2154,margin-right,8px,True,[8.0]
src/views/account/commerce/OrderConfirm.vue,2190,margin-bottom,0,,[]
src/views/account/commerce/OrderConfirm.vue,2199,gap,16px,True,[16.0]
src/views/account/commerce/OrderConfirm.vue,2203,padding-bottom,8px,True,[8.0]
src/views/account/commerce/OrderConfirm.vue,2260,gap,16px,True,[16.0]
src/views/account/commerce/OrderConfirm.vue,2333,padding,16px 8px !important,True,"[16.0, 8.0]"
src/views/account/commerce/OrderConfirm.vue,2353,margin-bottom,8px !important,True,[8.0]
src/views/account/commerce/OrderConfirm.vue,2365,padding,0 4px,True,[4.0]
src/views/account/commerce/OrderConfirm.vue,2367,margin-left,4px,True,[4.0]
src/views/account/commerce/OrderConfirm.vue,2373,margin-bottom,8px,True,[8.0]
src/views/account/commerce/OrderConfirm.vue,2397,margin-left,4px,True,[4.0]
src/views/account/commerce/OrderConfirm.vue,2411,gap,8px,True,[8.0]
src/views/account/commerce/OrderConfirm.vue,2413,margin-bottom,16px,True,[16.0]
src/views/account/commerce/OrderConfirm.vue,2424,padding,0 16px,True,[16.0]
src/views/account/commerce/OrderConfirm.vue,2467,padding,0 16px,True,[16.0]
src/views/account/commerce/OrderConfirm.vue,2482,gap,8px,True,[8.0]
src/views/account/commerce/OrderConfirm.vue,2526,padding,0 8px,True,[8.0]
src/views/account/commerce/OrderConfirm.vue,2541,padding,0 8px,True,[8.0]
src/views/account/commerce/OrderConfirm.vue,2559,margin-bottom,16px,True,[16.0]
src/views/account/commerce/OrderConfirm.vue,2562,margin-bottom,0,,[]
src/views/account/commerce/OrderConfirm.vue,2568,padding,0 8px,True,[8.0]
src/views/account/commerce/OrderConfirm.vue,2574,gap,8px,True,[8.0]
src/views/account/commerce/OrderConfirm.vue,2594,margin-top,8px,True,[8.0]
src/views/account/commerce/OrderConfirm.vue,2610,gap,0,,[]
src/views/account/commerce/OrderConfirm.vue,2615,gap,8px,True,[8.0]
src/views/account/commerce/OrderConfirm.vue,2616,padding,8px 8px,True,"[8.0, 8.0]"
src/views/account/commerce/OrderConfirm.vue,2646,margin-right,0,,[]
src/views/account/commerce/OrderConfirm.vue,2662,margin-left,auto,,[]
src/views/account/commerce/OrderConfirm.vue,2679,gap,4px,True,[4.0]
src/views/account/commerce/OrderConfirm.vue,2703,margin-bottom,8px,True,[8.0]
src/views/account/commerce/OrderConfirm.vue,2707,margin-bottom,0,,[]
src/views/account/commerce/OrderConfirm.vue,2718,padding,"map.get($spacers, 3)",,[]
src/views/account/commerce/OrderConfirm.vue,2720,margin,0,,[]
src/views/account/commerce/OrderConfirm.vue,2733,margin-bottom,16px,True,[16.0]
src/views/account/commerce/OrderConfirm.vue,2738,margin-bottom,4px,True,[4.0]
src/views/account/commerce/OrderConfirm.vue,2754,margin-bottom,16px,True,[16.0]
src/views/account/commerce/OrderConfirm.vue,2759,gap,8px,True,[8.0]
src/views/account/commerce/OrderConfirm.vue,2766,gap,8px,True,[8.0]
src/views/account/commerce/OrderConfirm.vue,2771,margin-left,auto,,[]
src/views/account/commerce/OrderConfirm.vue,2775,gap,8px,True,[8.0]
src/views/account/commerce/OrderConfirm.vue,2787,gap,4px,True,[4.0]
src/views/account/commerce/OrderConfirm.vue,2795,margin-bottom,0,,[]
src/views/account/commerce/OrderConfirm.vue,2800,margin-bottom,16px,True,[16.0]
src/views/account/commerce/OrderConfirm.vue,2823,gap,4px,True,[4.0]
src/views/account/commerce/OrderConfirm.vue,2849,margin,16px 0,True,[16.0]
src/views/account/commerce/OrderConfirm.vue,2852,margin,4px 0 8px,True,"[4.0, 8.0]"
src/views/account/commerce/OrderConfirm.vue,2856,margin,8px 0 4px,True,"[8.0, 4.0]"
src/views/account/commerce/OrderConfirm.vue,2862,padding,0,,[]
src/views/account/commerce/OrderConfirm.vue,2863,margin-top,0,,[]
src/views/account/commerce/OrderConfirm.vue,2867,margin-top,0,,[]
src/views/account/commerce/OrderConfirm.vue,2876,margin-bottom,8px,True,[8.0]
src/views/account/commerce/OrderConfirm.vue,2924,padding,16px,True,[16.0]
src/views/account/commerce/OrderConfirm.vue,2925,margin-bottom,0,,[]
src/views/account/commerce/OrderConfirm.vue,2929,padding,0,,[]
src/views/account/commerce/OrderConfirm.vue,2930,margin-bottom,0,,[]
src/views/account/commerce/OrderConfirm.vue,2998,margin-top,0,,[]
src/views/account/commerce/OrderConfirm.vue,2999,margin-bottom,0,,[]
src/views/account/commerce/OrderConfirm.vue,3004,margin-top,8px,True,[8.0]
src/views/account/commerce/OrderConfirm.vue,3006,padding,0 24px,True,[24.0]
src/views/account/commerce/OrderConfirm.vue,3015,gap,8px,True,[8.0]
src/views/account/commerce/OrderConfirm.vue,3064,margin-bottom,16px,True,[16.0]
src/views/account/commerce/OrderConfirm.vue,3081,margin-bottom,24px,True,[24.0]
src/views/account/commerce/OrderConfirm.vue,3089,margin-bottom,24px,True,[24.0]
src/views/account/commerce/OrderConfirm.vue,3098,margin-bottom,8px,True,[8.0]
src/views/account/commerce/OrderConfirm.vue,3212,padding,16px 16px 16px,True,"[16.0, 16.0, 16.0]"
src/views/account/commerce/OrderConfirm.vue,3221,margin-top,4px,True,[4.0]
src/views/account/commerce/OrderConfirm.vue,3239,margin,8px 0 16px,True,"[8.0, 16.0]"
src/views/account/commerce/OrderConfirm.vue,3245,margin,8px 0 16px,True,"[8.0, 16.0]"
src/views/account/commerce/OrderConfirm.vue,3246,padding,8px 8px,True,"[8.0, 8.0]"
src/views/account/commerce/OrderConfirm.vue,3260,gap,8px,True,[8.0]
src/views/account/commerce/OrderConfirm.vue,3261,padding,8px 16px,True,"[8.0, 16.0]"
src/views/account/commerce/OrderConfirm.vue,3289,gap,24px,True,[24.0]
src/views/account/commerce/OrderConfirm.vue,3296,margin-top,0,,[]
src/views/account/commerce/OrderConfirm.vue,3299,padding-left,0 !important,,[]
src/views/account/commerce/OrderConfirm.vue,3300,padding-right,0 !important,,[]
src/views/account/commerce/OrderConfirm.vue,3305,padding,16px,True,[16.0]
src/views/account/commerce/OrderConfirm.vue,3331,padding,0,,[]
src/views/account/commerce/OrderConfirm.vue,3335,gap,8px,True,[8.0]
src/views/account/commerce/OrderConfirm.vue,3340,padding,8px,True,[8.0]
src/views/account/commerce/OrderConfirm.vue,3349,margin-top,24px,True,[24.0]
src/views/account/commerce/OrderConfirm.vue,3356,gap,0,,[]
src/views/account/commerce/OrderConfirm.vue,3366,gap,8px,True,[8.0]
src/views/account/commerce/OrderConfirm.vue,3370,padding,8px 8px !important,True,"[8.0, 8.0]"
src/views/account/commerce/OrderConfirm.vue,3377,margin-bottom,4px !important,True,[4.0]
src/views/account/commerce/OrderConfirm.vue,3401,margin-bottom,8px,True,[8.0]
src/views/account/commerce/OrderConfirm.vue,3409,gap,8px,True,[8.0]
src/views/account/commerce/OrderConfirm.vue,3420,padding,0 16px,True,[16.0]
src/views/account/commerce/OrderConfirm.vue,3431,padding,16px,True,[16.0]
src/views/account/commerce/OrderConfirm.vue,3437,gap,8px,True,[8.0]
src/views/account/commerce/OrderConfirm.vue,3477,gap,8px !important,True,[8.0]
src/views/account/commerce/OrderConfirm.vue,3485,gap,8px !important,True,[8.0]
src/views/account/commerce/OrderConfirm.vue,3499,gap,8px !important,True,[8.0]
src/views/account/commerce/OrderConfirm.vue,3509,gap,8px !important,True,[8.0]
src/views/account/commerce/OrderConfirm.vue,3518,gap,16px !important,True,[16.0]
src/views/account/commerce/OrderConfirm.vue,3527,gap,8px !important,True,[8.0]
src/views/account/commerce/OrderConfirm.vue,3535,gap,8px !important,True,[8.0]
src/views/account/commerce/Shop.vue,984,padding,0,,[]
src/views/account/commerce/Shop.vue,992,gap,8px,True,[8.0]
src/views/account/commerce/Shop.vue,1002,padding,"map.get($spacers, 3)",,[]
src/views/account/commerce/Shop.vue,1013,gap,8px,True,[8.0]
src/views/account/commerce/Shop.vue,1017,margin,0,,[]
src/views/account/commerce/Shop.vue,1028,padding,"map.get($spacers, 3)",,[]
src/views/account/commerce/Shop.vue,1049,margin-bottom,16px,True,[16.0]
src/views/account/commerce/Shop.vue,1054,margin,0,,[]
src/views/account/commerce/Shop.vue,1064,padding-right,8px,True,[8.0]
src/views/account/commerce/Shop.vue,1087,padding,4px 8px,True,"[4.0, 8.0]"
src/views/account/commerce/Shop.vue,1097,padding,4px 8px,True,"[4.0, 8.0]"
src/views/account/commerce/Shop.vue,1105,margin-left,8px,True,[8.0]
src/views/account/commerce/Shop.vue,1149,margin-right,4px,True,[4.0]
src/views/account/commerce/Shop.vue,1203,margin-bottom,16px,True,[16.0]
src/views/account/commerce/Shop.vue,1216,margin-bottom,24px,True,[24.0]
src/views/account/commerce/Shop.vue,1220,margin-bottom,24px,True,[24.0]
src/views/account/commerce/Shop.vue,1229,margin-bottom,8px,True,[8.0]
src/views/account/commerce/Shop.vue,1294,gap,24px,True,[24.0]
src/views/account/commerce/Shop.vue,1296,margin-bottom,24px,True,[24.0]
src/views/account/commerce/Shop.vue,1327,padding,8px,True,[8.0]
src/views/account/commerce/Shop.vue,1386,margin-bottom,8px,True,[8.0]
src/views/account/commerce/Shop.vue,1387,padding-top,0,,[]
src/views/account/commerce/Shop.vue,1397,padding,16px 16px,True,"[16.0, 16.0]"
src/views/account/commerce/Shop.vue,1425,gap,0,,[]
src/views/account/commerce/Shop.vue,1433,margin,0,,[]
src/views/account/commerce/Shop.vue,1442,padding,0,,[]
src/views/account/commerce/Shop.vue,1448,margin,0,,[]
src/views/account/commerce/Shop.vue,1460,padding,4px,True,[4.0]
src/views/account/commerce/Shop.vue,1472,padding,4px 8px,True,"[4.0, 8.0]"
src/views/account/commerce/Shop.vue,1480,margin-left,0,,[]
src/views/account/commerce/Shop.vue,1524,margin-right,4px,True,[4.0]
src/views/account/commerce/Shop.vue,1542,margin,8px 0 8px,True,"[8.0, 8.0]"
src/views/account/commerce/Shop.vue,1544,padding,0 4px,True,[4.0]
src/views/account/commerce/Shop.vue,1552,gap,4px,True,[4.0]
src/views/account/commerce/Shop.vue,1554,margin-bottom,8px,True,[8.0]
src/views/account/commerce/Shop.vue,1562,gap,4px,True,[4.0]
src/views/account/commerce/Shop.vue,1589,margin-top,0,,[]
src/views/account/commerce/Shop.vue,1590,margin-bottom,8px,True,[8.0]
src/views/account/commerce/Shop.vue,1595,margin,16px 0 8px 0,True,"[16.0, 8.0]"
src/views/account/commerce/Shop.vue,1597,padding,0 4px,True,[4.0]
src/views/account/commerce/Shop.vue,1604,margin-bottom,8px,True,[8.0]
src/views/account/commerce/Shop.vue,1615,margin-right,8px,True,[8.0]
src/views/account/commerce/Shop.vue,1619,margin-top,0,,[]
src/views/account/commerce/Shop.vue,1669,gap,8px,True,[8.0]
src/views/account/commerce/Shop.vue,1677,padding,0 16px,True,[16.0]
src/views/account/commerce/Shop.vue,1678,margin-top,4px,True,[4.0]
src/views/account/commerce/Shop.vue,1728,gap,16px,True,[16.0]
src/views/account/commerce/Shop.vue,1732,margin-top,0,,[]
src/views/account/commerce/Shop.vue,1733,margin-bottom,0,,[]
src/views/account/commerce/Shop.vue,1736,margin-left,0,,[]
src/views/account/commerce/Shop.vue,1739,gap,8px,True,[8.0]
src/views/account/commerce/Shop.vue,1745,gap,0,,[]
src/views/account/commerce/Shop.vue,1746,padding,4px,True,[4.0]
src/views/account/commerce/Shop.vue,1771,padding,0 8px,True,[8.0]
src/views/account/commerce/Shop.vue,1803,padding,8px 16px,True,"[8.0, 16.0]"
src/views/account/commerce/Shop.vue,1896,gap,8px,True,[8.0]
src/views/account/commerce/Shop.vue,1898,padding,0,,[]
src/views/account/commerce/Shop.vue,1899,margin-bottom,8px,True,[8.0]
src/views/account/commerce/Shop.vue,1915,padding,16px,True,[16.0]
src/views/account/commerce/Shop.vue,1917,padding-bottom,64px,True,[64.0]
src/views/account/commerce/Shop.vue,1922,margin-bottom,0,,[]
src/views/account/commerce/Shop.vue,1931,gap,8px,True,[8.0]
src/views/account/commerce/Shop.vue,1937,gap,8px,True,[8.0]
src/views/account/commerce/Shop.vue,1939,padding-top,0,,[]
src/views/account/commerce/Shop.vue,1949,padding-top,0,,[]
src/views/account/commerce/Shop.vue,1959,padding,0 8px,True,[8.0]
src/views/account/commerce/Shop.vue,1980,padding,0,,[]
src/views/account/commerce/Shop.vue,1983,gap,4px,True,[4.0]
src/views/account/commerce/Shop.vue,1991,padding,8px,True,[8.0]
src/views/account/commerce/Shop.vue,2011,padding-top,24px,True,[24.0]
src/views/account/commerce/Shop.vue,2021,gap,4px,True,[4.0]
src/views/account/commerce/Shop.vue,2058,padding,8px 16px,True,"[8.0, 16.0]"
src/views/account/commerce/Shop.vue,2065,gap,8px,True,[8.0]
src/views/account/commerce/Shop.vue,2066,padding,8px 0,True,[8.0]
src/views/account/commerce/Shop.vue,2095,gap,8px,True,[8.0]
src/views/account/commerce/Shop.vue,2111,gap,8px,True,[8.0]
src/views/account/commerce/Shop.vue,2114,padding-right,0,,[]
src/views/account/commerce/Shop.vue,2120,margin-left,auto,,[]
src/views/account/commerce/Shop.vue,2121,gap,4px,True,[4.0]
src/views/account/commerce/Shop.vue,2143,padding,0,,[]
src/views/account/commerce/Shop.vue,2148,padding,0 8px,True,[8.0]
src/views/account/commerce/Payment.vue,1195,padding,0,,[]
src/views/account/commerce/Payment.vue,1205,margin-top,16px,True,[16.0]
src/views/account/commerce/Payment.vue,1206,margin-bottom,24px,True,[24.0]
src/views/account/commerce/Payment.vue,1213,padding,"map.get($spacers, 3)",,[]
src/views/account/commerce/Payment.vue,1227,margin-bottom,16px,True,[16.0]
src/views/account/commerce/Payment.vue,1231,margin,0,,[]
src/views/account/commerce/Payment.vue,1238,margin,0,,[]
src/views/account/commerce/Payment.vue,1245,gap,24px,True,[24.0]
src/views/account/commerce/Payment.vue,1271,padding,16px,True,[16.0]
src/views/account/commerce/Payment.vue,1272,margin-bottom,24px,True,[24.0]
src/views/account/commerce/Payment.vue,1277,margin-bottom,48px,True,[48.0]
src/views/account/commerce/Payment.vue,1287,margin-bottom,16px,True,[16.0]
src/views/account/commerce/Payment.vue,1297,margin-left,8px,True,[8.0]
src/views/account/commerce/Payment.vue,1311,padding,0 8px,True,[8.0]
src/views/account/commerce/Payment.vue,1319,gap,4px,True,[4.0]
src/views/account/commerce/Payment.vue,1334,margin-bottom,4px,True,[4.0]
src/views/account/commerce/Payment.vue,1343,margin-top,8px,True,[8.0]
src/views/account/commerce/Payment.vue,1351,margin,8px 0 8px,True,"[8.0, 8.0]"
src/views/account/commerce/Payment.vue,1355,margin-bottom,4px,True,[4.0]
src/views/account/commerce/Payment.vue,1361,gap,4px,True,[4.0]
src/views/account/commerce/Payment.vue,1375,padding,0 !important,,[]
src/views/account/commerce/Payment.vue,1376,margin-bottom,4px !important,True,[4.0]
src/views/account/commerce/Payment.vue,1382,margin-bottom,0,,[]
src/views/account/commerce/Payment.vue,1384,padding,8px 8px 8px,True,"[8.0, 8.0, 8.0]"
src/views/account/commerce/Payment.vue,1419,gap,8px,True,[8.0]
src/views/account/commerce/Payment.vue,1426,margin-bottom,0,,[]
src/views/account/commerce/Payment.vue,1469,margin,16px 0,True,[16.0]
src/views/account/commerce/Payment.vue,1472,margin,4px 0 8px,True,"[4.0, 8.0]"
src/views/account/commerce/Payment.vue,1476,margin,8px 0 4px,True,"[8.0, 4.0]"
src/views/account/commerce/Payment.vue,1482,margin-top,16px,True,[16.0]
src/views/account/commerce/Payment.vue,1493,gap,8px,True,[8.0]
src/views/account/commerce/Payment.vue,1538,gap,0,,[]
src/views/account/commerce/Payment.vue,1543,gap,8px,True,[8.0]
src/views/account/commerce/Payment.vue,1544,padding,8px 8px,True,"[8.0, 8.0]"
src/views/account/commerce/Payment.vue,1574,margin-right,0,,[]
src/views/account/commerce/Payment.vue,1590,margin-left,auto,,[]
src/views/account/commerce/Payment.vue,1607,gap,4px,True,[4.0]
src/views/account/commerce/Payment.vue,1625,padding,4px 8px 8px,True,"[4.0, 8.0, 8.0]"
src/views/account/commerce/Payment.vue,1642,padding,16px,True,[16.0]
src/views/account/commerce/Payment.vue,1648,margin-right,16px,True,[16.0]
src/views/account/commerce/Payment.vue,1660,margin,0 0 8px,True,[8.0]
src/views/account/commerce/Payment.vue,1666,margin,0,,[]
src/views/account/commerce/Payment.vue,1675,gap,16px,True,[16.0]
src/views/account/commerce/Payment.vue,1676,margin-top,24px,True,[24.0]
src/views/account/commerce/Payment.vue,1677,margin-bottom,16px,True,[16.0]
src/views/account/commerce/Payment.vue,1681,gap,16px,True,[16.0]
src/views/account/commerce/Payment.vue,1686,gap,8px,True,[8.0]
src/views/account/commerce/Payment.vue,1695,padding,8px 24px,True,"[8.0, 24.0]"
src/views/account/commerce/Payment.vue,1712,margin-bottom,8px,True,[8.0]
src/views/account/commerce/Payment.vue,1737,gap,8px,True,[8.0]
src/views/account/commerce/Payment.vue,1741,padding,0 24px,True,[24.0]
src/views/account/commerce/Payment.vue,1786,margin-top,4px,True,[4.0]
src/views/account/commerce/Payment.vue,1842,margin-bottom,16px,True,[16.0]
src/views/account/commerce/Payment.vue,1883,margin-bottom,8px,True,[8.0]
src/views/account/commerce/Payment.vue,1889,margin-bottom,0,,[]
src/views/account/commerce/Payment.vue,1908,padding,24px,True,[24.0]
src/views/account/commerce/Payment.vue,1913,margin-bottom,24px,True,[24.0]
src/views/account/commerce/Payment.vue,1923,margin,0 auto,,[]
src/views/account/commerce/Payment.vue,1936,margin-bottom,16px,True,[16.0]
src/views/account/commerce/Payment.vue,2066,margin-bottom,64px,True,[64.0]
src/views/account/commerce/Payment.vue,2072,padding-bottom,64px,True,[64.0]
src/views/account/commerce/Payment.vue,2075,padding-bottom,64px,True,[64.0]
src/views/account/commerce/Payment.vue,2078,margin-bottom,64px,True,[64.0]
src/views/account/commerce/Payment.vue,2084,gap,8px,True,[8.0]
src/views/account/commerce/Payment.vue,2118,margin,16px,True,[16.0]
src/views/account/commerce/Payment.vue,2138,padding,0,,[]
src/views/account/commerce/Payment.vue,2161,padding,24px 24px 16px,True,"[24.0, 24.0, 16.0]"
src/views/account/commerce/Payment.vue,2167,margin,0 auto 16px,True,[16.0]
src/views/account/commerce/Payment.vue,2196,margin,0 0 8px,True,[8.0]
src/views/account/commerce/Payment.vue,2203,margin,0 0 24px,True,[24.0]
src/views/account/commerce/Payment.vue,2206,margin-left,auto,,[]
src/views/account/commerce/Payment.vue,2207,margin-right,auto,,[]
src/views/account/commerce/Payment.vue,2214,margin,8px 0 16px,True,"[8.0, 16.0]"
src/views/account/commerce/Payment.vue,2224,margin-top,16px,True,[16.0]
src/views/account/commerce/Payment.vue,2227,padding,8px 16px,True,"[8.0, 16.0]"
src/views/account/commerce/Payment.vue,2233,gap,8px,True,[8.0]
src/views/account/commerce/Payment.vue,2248,padding,16px 24px 24px,True,"[16.0, 24.0, 24.0]"
src/views/account/commerce/Payment.vue,2250,gap,16px,True,[16.0]
src/views/account/commerce/Payment.vue,2262,gap,8px,True,[8.0]
src/views/account/commerce/Payment.vue,2401,margin,24px auto 0,True,[24.0]
src/views/account/commerce/Payment.vue,2413,padding,16px 24px,True,"[16.0, 24.0]"
src/views/account/commerce/Payment.vue,2419,margin,0 0 8px,True,[8.0]
src/views/account/commerce/Payment.vue,2426,margin,0,,[]
src/views/account/commerce/Payment.vue,2433,padding,0 16px 16px,True,"[16.0, 16.0]"
src/views/account/commerce/Payment.vue,2434,gap,8px,True,[8.0]
src/views/account/commerce/Payment.vue,2438,padding,8px 0,True,[8.0]
src/views/account/commerce/Payment.vue,2504,gap,4px,True,[4.0]
src/views/account/commerce/Payment.vue,2506,padding,4px 8px,True,"[4.0, 8.0]"
src/views/account/commerce/GiftCardRedeem.vue,110,gap,8px,True,[8.0]
src/views/account/commerce/GiftCardRedeem.vue,122,padding,0,,[]
src/views/account/commerce/GiftCardRedeem.vue,127,padding,16px,True,[16.0]
src/views/account/commerce/GiftCardRedeem.vue,133,gap,8px,True,[8.0]
src/views/account/commerce/GiftCardRedeem.vue,136,margin,0,,[]
src/views/account/commerce/GiftCardRedeem.vue,142,margin-top,8px,True,[8.0]
src/views/account/commerce/GiftCardRedeem.vue,144,gap,8px,True,[8.0]
src/views/account/commerce/GiftCardRedeem.vue,151,padding,0 8px,True,[8.0]
src/views/account/commerce/GiftCardRedeem.vue,159,padding,0 16px,True,[16.0]
src/views/account/commerce/GiftCardRedeem.vue,166,gap,4px,True,[4.0]
src/views/account/support/TicketList.vue,917,padding,0,,[]
src/views/account/support/TicketList.vue,931,padding,16px,True,[16.0]
src/views/account/support/TicketList.vue,950,margin-bottom,16px,True,[16.0]
src/views/account/support/TicketList.vue,955,margin,0,,[]
src/views/account/support/TicketList.vue,963,margin,0,,[]
src/views/account/support/TicketList.vue,999,padding,16px,True,[16.0]
src/views/account/support/TicketList.vue,1006,margin-bottom,16px,True,[16.0]
src/views/account/support/TicketList.vue,1013,padding,0 16px 0 48px,True,"[16.0, 48.0]"
src/views/account/support/TicketList.vue,1074,gap,8px,True,[8.0]
src/views/account/support/TicketList.vue,1076,padding,0 16px,True,[16.0]
src/views/account/support/TicketList.vue,1121,padding,8px,True,[8.0]
src/views/account/support/TicketList.vue,1125,padding,16px,True,[16.0]
src/views/account/support/TicketList.vue,1133,margin-bottom,8px,True,[8.0]
src/views/account/support/TicketList.vue,1148,margin,0,,[]
src/views/account/support/TicketList.vue,1152,margin-bottom,8px,True,[8.0]
src/views/account/support/TicketList.vue,1167,margin-right,auto,,[]
src/views/account/support/TicketList.vue,1173,gap,8px,True,[8.0]
src/views/account/support/TicketList.vue,1186,padding,4px 8px,True,"[4.0, 8.0]"
src/views/account/support/TicketList.vue,1236,padding,16px,True,[16.0]
src/views/account/support/TicketList.vue,1248,margin,0,,[]
src/views/account/support/TicketList.vue,1250,margin-bottom,8px,True,[8.0]
src/views/account/support/TicketList.vue,1260,gap,8px,True,[8.0]
src/views/account/support/TicketList.vue,1267,margin-left,8px,True,[8.0]
src/views/account/support/TicketList.vue,1278,gap,8px,True,[8.0]
src/views/account/support/TicketList.vue,1280,padding,8px 8px,True,"[8.0, 8.0]"
src/views/account/support/TicketList.vue,1306,padding,24px,True,[24.0]
src/views/account/support/TicketList.vue,1328,gap,8px,True,[8.0]
src/views/account/support/TicketList.vue,1332,padding-bottom,16px,True,[16.0]
src/views/account/support/TicketList.vue,1341,margin,24px 0,True,[24.0]
src/views/account/support/TicketList.vue,1357,padding,4px 8px,True,"[4.0, 8.0]"
src/views/account/support/TicketList.vue,1365,margin,0 8px,True,[8.0]
src/views/account/support/TicketList.vue,1375,margin-bottom,16px,True,[16.0]
src/views/account/support/TicketList.vue,1385,margin-left,10%,,[]
src/views/account/support/TicketList.vue,1410,margin-right,10%,,[]
src/views/account/support/TicketList.vue,1477,margin-left,8px,True,[8.0]
src/views/account/support/TicketList.vue,1484,margin-right,8px,True,[8.0]
src/views/account/support/TicketList.vue,1492,padding,16px 16px,True,"[16.0, 16.0]"
src/views/account/support/TicketList.vue,1506,margin-bottom,8px,True,[8.0]
src/views/account/support/TicketList.vue,1513,margin-bottom,4px,True,[4.0]
src/views/account/support/TicketList.vue,1552,padding,16px,True,[16.0]
src/views/account/support/TicketList.vue,1558,gap,16px,True,[16.0]
src/views/account/support/TicketList.vue,1568,padding,16px 16px,True,"[16.0, 16.0]"
src/views/account/support/TicketList.vue,1615,gap,8px,True,[8.0]
src/views/account/support/TicketList.vue,1617,padding,0 24px,True,[24.0]
src/views/account/support/TicketList.vue,1703,margin-bottom,16px,True,[16.0]
src/views/account/support/TicketList.vue,1716,margin-top,16px,True,[16.0]
src/views/account/support/TicketList.vue,1733,padding,24px,True,[24.0]
src/views/account/support/TicketList.vue,1736,margin-bottom,16px,True,[16.0]
src/views/account/support/TicketList.vue,1858,padding,16px 24px,True,"[16.0, 24.0]"
src/views/account/support/TicketList.vue,1869,margin,0,,[]
src/views/account/support/TicketList.vue,1910,padding,24px,True,[24.0]
src/views/account/support/TicketList.vue,1913,margin-bottom,24px,True,[24.0]
src/views/account/support/TicketList.vue,1918,margin-bottom,8px,True,[8.0]
src/views/account/support/TicketList.vue,1931,padding,16px 16px,True,"[16.0, 16.0]"
src/views/account/support/TicketList.vue,1973,gap,8px,True,[8.0]
src/views/account/support/TicketList.vue,1982,gap,4px,True,[4.0]
src/views/account/support/TicketList.vue,1984,padding,8px 16px,True,"[8.0, 16.0]"
src/views/account/support/TicketList.vue,2045,padding,16px 24px,True,"[16.0, 24.0]"
src/views/account/support/TicketList.vue,2053,gap,16px,True,[16.0]
src/views/account/support/TicketList.vue,2060,padding,0 16px,True,[16.0]
src/views/account/support/TicketList.vue,2078,gap,8px,True,[8.0]
src/views/account/support/TicketList.vue,2193,padding,24px,True,[24.0]
src/views/account/support/TicketList.vue,2198,margin-top,16px,True,[16.0]
src/views/account/support/TicketList.vue,2227,padding,24px,True,[24.0]
src/views/account/support/TicketList.vue,2240,padding,48px,True,[48.0]
src/views/account/support/TicketList.vue,2257,margin,16px 0,True,[16.0]
src/views/account/support/TicketList.vue,2269,margin-bottom,24px,True,[24.0]
src/views/account/support/TicketList.vue,2277,padding,16px 24px,True,"[16.0, 24.0]"
src/views/account/support/TicketList.vue,2299,gap,8px,True,[8.0]
src/views/account/support/TicketList.vue,2348,padding,24px 0,True,[24.0]
src/views/account/support/TicketList.vue,2351,margin-top,8px,True,[8.0]
src/views/account/support/TicketList.vue,2355,margin-bottom,8px,True,[8.0]
src/views/account/support/TicketList.vue,2359,margin-bottom,4px,True,[4.0]
src/views/account/support/TicketList.vue,2370,margin-top,0,,[]
src/views/account/support/TicketList.vue,2376,margin-top,0,,[]
src/views/account/support/TicketList.vue,2392,gap,8px,True,[8.0]
src/views/account/support/TicketList.vue,2400,padding,0,,[]
src/views/account/support/TicketList.vue,2406,gap,16px,True,[16.0]
src/views/account/support/TicketList.vue,2419,padding,8px,True,[8.0]
src/views/account/support/TicketList.vue,2423,gap,8px,True,[8.0]
src/views/account/support/TicketList.vue,2424,margin-bottom,8px,True,[8.0]
src/views/account/support/TicketList.vue,2429,padding,8px,True,[8.0]
src/views/account/support/TicketList.vue,2430,margin-bottom,8px,True,[8.0]
src/views/account/support/TicketList.vue,2434,padding,8px,True,[8.0]
src/views/account/support/TicketList.vue,2438,padding,8px 8px,True,"[8.0, 8.0]"
src/views/account/support/TicketList.vue,2441,margin-bottom,8px,True,[8.0]
src/views/account/support/TicketList.vue,2446,margin-bottom,4px,True,[4.0]
src/views/account/support/TicketList.vue,2458,padding,8px,True,[8.0]
src/views/account/support/TicketList.vue,2462,margin-top,8px,True,[8.0]
src/views/account/support/TicketList.vue,2465,padding,8px,True,[8.0]
src/views/account/support/TicketList.vue,2495,margin,4px 0,True,[4.0]
src/views/account/support/MobileTicketList.vue,204,gap,8px,True,[8.0]
src/views/account/support/MobileTicketList.vue,779,padding,0,,[]
src/views/account/support/MobileTicketList.vue,781,padding-bottom,64px,True,[64.0]
src/views/account/support/MobileTicketList.vue,793,padding,16px,True,[16.0]
src/views/account/support/MobileTicketList.vue,812,margin-bottom,16px,True,[16.0]
src/views/account/support/MobileTicketList.vue,817,margin,0,,[]
src/views/account/support/MobileTicketList.vue,825,margin,0,,[]
src/views/account/support/MobileTicketList.vue,833,padding,0,,[]
src/views/account/support/MobileTicketList.vue,835,margin-bottom,24px,True,[24.0]
src/views/account/support/MobileTicketList.vue,843,margin,0 0 24px,True,[24.0]
src/views/account/support/MobileTicketList.vue,864,gap,8px,True,[8.0]
src/views/account/support/MobileTicketList.vue,866,padding,16px,True,[16.0]
src/views/account/support/MobileTicketList.vue,906,padding,48px 24px,True,"[48.0, 24.0]"
src/views/account/support/MobileTicketList.vue,912,margin,16px 0,True,[16.0]
src/views/account/support/MobileTicketList.vue,921,margin,16px 0,True,[16.0]
src/views/account/support/MobileTicketList.vue,929,margin-top,16px,True,[16.0]
src/views/account/support/MobileTicketList.vue,931,padding,8px 24px,True,"[8.0, 24.0]"
src/views/account/support/MobileTicketList.vue,955,gap,8px,True,[8.0]
src/views/account/support/MobileTicketList.vue,972,padding,0,,[]
src/views/account/support/MobileTicketList.vue,974,margin-top,8px,True,[8.0]
src/views/account/support/MobileTicketList.vue,976,margin-bottom,16px,True,[16.0]
src/views/account/support/MobileTicketList.vue,986,padding,16px,True,[16.0]
src/views/account/support/MobileTicketList.vue,988,margin-bottom,16px,True,[16.0]
src/views/account/support/MobileTicketList.vue,1015,margin-bottom,8px,True,[8.0]
src/views/account/support/MobileTicketList.vue,1024,margin-right,16px,True,[16.0]
src/views/account/support/MobileTicketList.vue,1034,padding,4px 8px,True,"[4.0, 8.0]"
src/views/account/support/MobileTicketList.vue,1065,padding-top,8px,True,[8.0]
src/views/account/support/MobileTicketList.vue,1072,padding-top,0,,[]
src/views/account/support/MobileTicketList.vue,1106,padding,16px,True,[16.0]
src/views/account/support/MobileTicketList.vue,1116,gap,16px,True,[16.0]
src/views/account/support/MobileTicketList.vue,1124,margin-top,64px,True,[64.0]
src/views/account/support/MobileTicketList.vue,1137,padding,8px,True,[8.0]
src/views/account/support/MobileTicketList.vue,1166,margin,0,,[]
src/views/account/support/MobileTicketList.vue,1170,margin-bottom,8px,True,[8.0]
src/views/account/support/MobileTicketList.vue,1186,gap,8px,True,[8.0]
src/views/account/support/MobileTicketList.vue,1199,padding,8px,True,[8.0]
src/views/account/support/MobileTicketList.vue,1223,padding,4px 8px,True,"[4.0, 8.0]"
src/views/account/support/MobileTicketList.vue,1271,padding,16px,True,[16.0]
src/views/account/support/MobileTicketList.vue,1290,padding,48px 24px,True,"[48.0, 24.0]"
src/views/account/support/MobileTicketList.vue,1296,margin,16px 0,True,[16.0]
src/views/account/support/MobileTicketList.vue,1307,margin,16px 0,True,[16.0]
src/views/account/support/MobileTicketList.vue,1331,padding,48px,True,[48.0]
src/views/account/support/MobileTicketList.vue,1341,margin,16px 0,True,[16.0]
src/views/account/support/MobileTicketList.vue,1346,margin-bottom,16px,True,[16.0]
src/views/account/support/MobileTicketList.vue,1363,gap,16px,True,[16.0]
src/views/account/support/MobileTicketList.vue,1365,padding-bottom,16px,True,[16.0]
src/views/account/support/MobileTicketList.vue,1367,margin-top,8px,True,[8.0]
src/views/account/support/MobileTicketList.vue,1373,gap,8px,True,[8.0]
src/views/account/support/MobileTicketList.vue,1444,padding,16px,True,[16.0]
src/views/account/support/MobileTicketList.vue,1457,margin-bottom,8px,True,[8.0]
src/views/account/support/MobileTicketList.vue,1482,padding,16px,True,[16.0]
src/views/account/support/MobileTicketList.vue,1492,gap,16px,True,[16.0]
src/views/account/support/MobileTicketList.vue,1494,margin-bottom,64px,True,[64.0]
src/views/account/support/MobileTicketList.vue,1507,padding,16px,True,[16.0]
src/views/account/support/MobileTicketList.vue,1541,gap,8px,True,[8.0]
src/views/account/support/MobileTicketList.vue,1543,padding,8px 24px,True,"[8.0, 24.0]"
src/views/account/support/MobileTicketList.vue,1598,padding,16px,True,[16.0]
src/views/account/support/MobileTicketList.vue,1610,gap,8px,True,[8.0]
src/views/account/support/MobileTicketList.vue,1616,margin-bottom,64px,True,[64.0]
src/views/account/support/MobileTicketList.vue,1652,padding,16px,True,[16.0]
src/views/account/support/MobileTicketList.vue,1678,padding,24px,True,[24.0]
src/views/account/support/MobileTicketList.vue,1691,margin,0,,[]
src/views/account/support/MobileTicketList.vue,1709,padding,8px,True,[8.0]
src/views/account/support/MobileTicketList.vue,1730,padding,24px,True,[24.0]
src/views/account/support/MobileTicketList.vue,1741,margin-bottom,24px,True,[24.0]
src/views/account/support/MobileTicketList.vue,1745,margin-bottom,24px,True,[24.0]
src/views/account/support/MobileTicketList.vue,1750,margin-bottom,8px,True,[8.0]
src/views/account/support/MobileTicketList.vue,1763,padding,16px 16px,True,"[16.0, 16.0]"
src/views/account/support/MobileTicketList.vue,1800,gap,8px,True,[8.0]
src/views/account/support/MobileTicketList.vue,1805,padding,16px,True,[16.0]
src/views/account/support/MobileTicketList.vue,1845,padding,24px,True,[24.0]
src/views/account/support/MobileTicketList.vue,1853,gap,16px,True,[16.0]
src/views/account/support/MobileTicketList.vue,1858,padding,16px 24px,True,"[16.0, 24.0]"
src/views/account/support/MobileTicketList.vue,1897,gap,8px,True,[8.0]
src/views/account/support/MobileTicketList.vue,2075,padding,24px,True,[24.0]
src/views/account/support/MobileTicketList.vue,2084,padding,48px,True,[48.0]
src/views/account/support/MobileTicketList.vue,2099,margin,16px 0,True,[16.0]
src/views/account/support/MobileTicketList.vue,2111,margin-bottom,24px,True,[24.0]
src/views/account/support/MobileTicketList.vue,2119,padding,16px 24px,True,"[16.0, 24.0]"
src/views/account/support/MobileTicketList.vue,2141,gap,8px,True,[8.0]
src/views/account/support/MobileTicketList.vue,2187,gap,4px,True,[4.0]
src/views/account/support/MobileTicketList.vue,2204,margin-right,4px,True,[4.0]
src/views/account/support/MobileTicketList.vue,2215,padding,16px 0,True,[16.0]
src/views/account/support/MobileTicketList.vue,2221,margin-top,8px,True,[8.0]
src/views/account/support/MobileTicketList.vue,2229,margin-bottom,8px,True,[8.0]
src/views/account/support/MobileTicketList.vue,2235,margin-bottom,4px,True,[4.0]
src/views/account/support/MobileTicketList.vue,2255,margin-top,0,,[]
src/views/account/support/MobileTicketList.vue,2259,margin-top,8px,True,[8.0]
src/views/account/support/MobileTicketList.vue,2263,gap,8px,True,[8.0]
src/views/account/announcements/AnnouncementList.vue,68,padding,0 0 24px,True,[24.0]
src/views/account/announcements/AnnouncementList.vue,73,gap,16px,True,[16.0]
src/views/account/announcements/AnnouncementList.vue,80,padding,16px,True,[16.0]
src/views/account/announcements/AnnouncementList.vue,86,gap,8px,True,[8.0]
src/views/account/announcements/AnnouncementList.vue,87,margin-bottom,8px,True,[8.0]
src/views/account/announcements/AnnouncementList.vue,90,margin,0,,[]
src/views/account/announcements/AnnouncementList.vue,111,padding,24px,True,[24.0]
src/views/auth/split/ForgotPassword.vue,1994,padding,64px 0,True,[64.0]
src/views/auth/split/ForgotPassword.vue,2028,gap,8px,True,[8.0]
src/views/auth/split/ForgotPassword.vue,2048,padding,48px 48px,True,"[48.0, 48.0]"
src/views/auth/split/ForgotPassword.vue,2054,margin,0 auto,,[]
src/views/auth/split/ForgotPassword.vue,2066,padding,16px,True,[16.0]
src/views/auth/split/ForgotPassword.vue,2068,margin,auto,,[]
src/views/auth/split/ForgotPassword.vue,2080,margin-bottom,24px,True,[24.0]
src/views/auth/split/ForgotPassword.vue,2100,margin-bottom,8px,True,[8.0]
src/views/auth/split/ForgotPassword.vue,2122,margin-bottom,24px,True,[24.0]
src/views/auth/split/ForgotPassword.vue,2168,margin-bottom,16px,True,[16.0]
src/views/auth/split/ForgotPassword.vue,2190,margin-left,4px,True,[4.0]
src/views/auth/split/ForgotPassword.vue,2242,padding,4px,True,[4.0]
src/views/auth/split/ForgotPassword.vue,2266,padding-left,48px,True,[48.0]
src/views/auth/split/ForgotPassword.vue,2286,padding-right,48px,True,[48.0]
src/views/auth/split/ForgotPassword.vue,2360,padding,0 16px,True,[16.0]
src/views/auth/split/ForgotPassword.vue,2374,margin,0,,[]
src/views/auth/split/ForgotPassword.vue,2434,margin-right,4px,True,[4.0]
src/views/auth/split/ForgotPassword.vue,2492,margin-left,8px,True,[8.0]
src/views/auth/split/ForgotPassword.vue,2584,padding,16px 16px,True,"[16.0, 16.0]"
src/views/auth/split/ForgotPassword.vue,2598,margin,0,,[]
src/views/auth/split/ForgotPassword.vue,2650,padding,16px,True,[16.0]
src/views/auth/split/ForgotPassword.vue,2656,margin-top,0,,[]
src/views/auth/split/ForgotPassword.vue,2658,margin-bottom,16px,True,[16.0]
src/views/auth/split/ForgotPassword.vue,2674,margin,16px 0,True,[16.0]
src/views/auth/split/ForgotPassword.vue,2728,margin-top,24px,True,[24.0]
src/views/auth/split/ForgotPassword.vue,2828,gap,8px,True,[8.0]
src/views/auth/split/ForgotPassword.vue,2858,margin-right,8px,True,[8.0]
src/views/auth/split/ForgotPassword.vue,2898,margin-bottom,24px,True,[24.0]
src/views/auth/split/ForgotPassword.vue,2942,padding,16px 0,True,[16.0]
src/views/auth/split/ForgotPassword.vue,2950,padding,24px 16px,True,"[24.0, 16.0]"
src/views/auth/split/ForgotPassword.vue,2952,margin,auto,,[]
src/views/auth/split/ForgotPassword.vue,2960,margin-bottom,24px,True,[24.0]
src/views/auth/split/Register.vue,2518,padding,64px 0,True,[64.0]
src/views/auth/split/Register.vue,2552,gap,8px,True,[8.0]
src/views/auth/split/Register.vue,2572,padding,48px 48px,True,"[48.0, 48.0]"
src/views/auth/split/Register.vue,2578,margin,0 auto,,[]
src/views/auth/split/Register.vue,2590,padding,16px,True,[16.0]
src/views/auth/split/Register.vue,2592,margin,auto,,[]
src/views/auth/split/Register.vue,2604,margin-bottom,24px,True,[24.0]
src/views/auth/split/Register.vue,2621,margin-bottom,8px,True,[8.0]
src/views/auth/split/Register.vue,2641,margin-bottom,24px,True,[24.0]
src/views/auth/split/Register.vue,2687,margin-bottom,16px,True,[16.0]
src/views/auth/split/Register.vue,2719,margin-left,4px,True,[4.0]
src/views/auth/split/Register.vue,2732,margin-left,4px,True,[4.0]
src/views/auth/split/Register.vue,2783,margin,0,,[]
src/views/auth/split/Register.vue,2823,padding,0 4px,True,[4.0]
src/views/auth/split/Register.vue,2845,padding,0 8px,True,[8.0]
src/views/auth/split/Register.vue,2893,padding,0 4px,True,[4.0]
src/views/auth/split/Register.vue,2907,margin-left,8px,True,[8.0]
src/views/auth/split/Register.vue,2997,padding,8px 16px,True,"[8.0, 16.0]"
src/views/auth/split/Register.vue,3115,padding,4px,True,[4.0]
src/views/auth/split/Register.vue,3139,padding-left,48px,True,[48.0]
src/views/auth/split/Register.vue,3159,padding-right,48px,True,[48.0]
src/views/auth/split/Register.vue,3233,padding,0 16px,True,[16.0]
src/views/auth/split/Register.vue,3247,margin,0,,[]
src/views/auth/split/Register.vue,3305,margin-right,4px,True,[4.0]
src/views/auth/split/Register.vue,3363,margin-left,8px,True,[8.0]
src/views/auth/split/Register.vue,3409,margin-top,24px,True,[24.0]
src/views/auth/split/Register.vue,3421,padding-left,24px,True,[24.0]
src/views/auth/split/Register.vue,3571,margin-top,4px,True,[4.0]
src/views/auth/split/Register.vue,3583,padding,16px 0,True,[16.0]
src/views/auth/split/Register.vue,3591,padding,24px 16px,True,"[24.0, 16.0]"
src/views/auth/split/Register.vue,3593,margin,auto,,[]
src/views/auth/split/Register.vue,3601,margin-bottom,24px,True,[24.0]
src/views/auth/split/Register.vue,3629,gap,0,,[]
src/views/auth/split/Register.vue,3673,padding,24px,True,[24.0]
src/views/auth/split/Register.vue,3688,margin-top,24px,True,[24.0]
src/views/auth/split/Register.vue,3760,gap,8px,True,[8.0]
src/views/auth/split/Register.vue,3790,margin-right,8px,True,[8.0]
src/views/auth/split/Register.vue,3872,margin-bottom,24px,True,[24.0]
src/views/auth/split/Register.vue,3916,margin,8px 0,True,[8.0]
src/views/auth/split/Register.vue,3928,margin,8px 0,True,[8.0]
src/views/auth/split/Register.vue,4054,padding,16px 16px,True,"[16.0, 16.0]"
src/views/auth/split/Register.vue,4062,margin,0,,[]
src/views/auth/split/Register.vue,4088,padding,0,,[]
src/views/auth/split/Register.vue,4118,padding,16px,True,[16.0]
src/views/auth/split/Register.vue,4124,margin-top,0,,[]
src/views/auth/split/Register.vue,4126,margin-bottom,16px,True,[16.0]
src/views/auth/split/Register.vue,4142,margin,16px 0,True,[16.0]
src/views/auth/split/Login.vue,517,padding,64px 0,True,[64.0]
src/views/auth/split/Login.vue,527,gap,8px,True,[8.0]
src/views/auth/split/Login.vue,537,padding,48px 48px,True,"[48.0, 48.0]"
src/views/auth/split/Login.vue,540,margin,0 auto,,[]
src/views/auth/split/Login.vue,546,padding,16px,True,[16.0]
src/views/auth/split/Login.vue,547,margin,auto,,[]
src/views/auth/split/Login.vue,553,margin-bottom,24px,True,[24.0]
src/views/auth/split/Login.vue,563,margin-bottom,8px,True,[8.0]
src/views/auth/split/Login.vue,574,margin-bottom,24px,True,[24.0]
src/views/auth/split/Login.vue,584,margin-left,4px,True,[4.0]
src/views/auth/split/Login.vue,610,padding,4px,True,[4.0]
src/views/auth/split/Login.vue,622,padding-left,48px,True,[48.0]
src/views/auth/split/Login.vue,632,padding-right,48px,True,[48.0]
src/views/auth/split/Login.vue,652,margin-bottom,24px,True,[24.0]
src/views/auth/split/Login.vue,658,padding-left,24px,True,[24.0]
src/views/auth/split/Login.vue,746,margin-left,8px,True,[8.0]
src/views/auth/split/Login.vue,755,margin-top,4px,True,[4.0]
src/views/auth/split/Login.vue,761,padding,24px 16px,True,"[24.0, 16.0]"
src/views/auth/split/Login.vue,762,margin,auto,,[]
src/views/auth/split/Login.vue,766,padding,16px 0,True,[16.0]
src/views/auth/split/Login.vue,774,gap,8px,True,[8.0]
src/views/auth/split/Login.vue,782,margin-left,auto,,[]
src/views/auth/split/Login.vue,790,padding,24px,True,[24.0]
src/views/auth/split/Login.vue,797,margin-top,24px,True,[24.0]
src/views/auth/split/Login.vue,833,gap,8px,True,[8.0]
src/views/auth/split/Login.vue,848,margin-right,8px,True,[8.0]
src/views/auth/split/Login.vue,868,margin-bottom,24px,True,[24.0]
src/views/auth/split/Login.vue,902,margin-bottom,16px,True,[16.0]
src/views/auth/center/ForgotPassword.vue,1639,gap,8px,True,[8.0]
src/views/auth/center/ForgotPassword.vue,1651,margin-left,4px,True,[4.0]
src/views/auth/center/ForgotPassword.vue,1703,padding,4px,True,[4.0]
src/views/auth/center/ForgotPassword.vue,1727,padding-left,48px,True,[48.0]
src/views/auth/center/ForgotPassword.vue,1747,padding-right,48px,True,[48.0]
src/views/auth/center/ForgotPassword.vue,1821,padding,0 16px,True,[16.0]
src/views/auth/center/ForgotPassword.vue,1835,margin,0,,[]
src/views/auth/center/ForgotPassword.vue,1895,margin-right,4px,True,[4.0]
src/views/auth/center/ForgotPassword.vue,1953,margin-left,8px,True,[8.0]
src/views/auth/center/ForgotPassword.vue,2045,padding,16px 16px,True,"[16.0, 16.0]"
src/views/auth/center/ForgotPassword.vue,2059,margin,0,,[]
src/views/auth/center/ForgotPassword.vue,2111,padding,16px,True,[16.0]
src/views/auth/center/ForgotPassword.vue,2117,margin-top,0,,[]
src/views/auth/center/ForgotPassword.vue,2119,margin-bottom,16px,True,[16.0]
src/views/auth/center/ForgotPassword.vue,2135,margin,16px 0,True,[16.0]
src/views/auth/center/ForgotPassword.vue,2189,margin-top,24px,True,[24.0]
src/views/auth/center/ForgotPassword.vue,2287,padding,24px,True,[24.0]
src/views/auth/center/ForgotPassword.vue,2321,padding,24px,True,[24.0]
src/views/auth/center/ForgotPassword.vue,2342,gap,8px,True,[8.0]
src/views/auth/center/ForgotPassword.vue,2372,margin-right,8px,True,[8.0]
src/views/auth/center/ForgotPassword.vue,2412,margin-bottom,24px,True,[24.0]
src/views/auth/center/Register.vue,2153,gap,8px,True,[8.0]
src/views/auth/center/Register.vue,2189,margin-bottom,16px,True,[16.0]
src/views/auth/center/Register.vue,2211,margin-left,4px,True,[4.0]
src/views/auth/center/Register.vue,2225,margin-left,4px,True,[4.0]
src/views/auth/center/Register.vue,2281,margin,0,,[]
src/views/auth/center/Register.vue,2321,padding,0 4px,True,[4.0]
src/views/auth/center/Register.vue,2343,padding,0 8px,True,[8.0]
src/views/auth/center/Register.vue,2391,padding,0 4px,True,[4.0]
src/views/auth/center/Register.vue,2405,margin-left,8px,True,[8.0]
src/views/auth/center/Register.vue,2495,padding,8px 16px,True,"[8.0, 16.0]"
src/views/auth/center/Register.vue,2613,padding,4px,True,[4.0]
src/views/auth/center/Register.vue,2637,padding-left,48px,True,[48.0]
src/views/auth/center/Register.vue,2657,padding-right,48px,True,[48.0]
src/views/auth/center/Register.vue,2731,padding,0 16px,True,[16.0]
src/views/auth/center/Register.vue,2745,margin,0,,[]
src/views/auth/center/Register.vue,2803,margin-right,4px,True,[4.0]
src/views/auth/center/Register.vue,2861,margin-left,8px,True,[8.0]
src/views/auth/center/Register.vue,2907,margin-top,24px,True,[24.0]
src/views/auth/center/Register.vue,2919,padding-left,24px,True,[24.0]
src/views/auth/center/Register.vue,3069,margin-top,4px,True,[4.0]
src/views/auth/center/Register.vue,3081,padding,24px,True,[24.0]
src/views/auth/center/Register.vue,3089,margin-bottom,24px,True,[24.0]
src/views/auth/center/Register.vue,3117,gap,0,,[]
src/views/auth/center/Register.vue,3161,padding,24px,True,[24.0]
src/views/auth/center/Register.vue,3176,margin-top,24px,True,[24.0]
src/views/auth/center/Register.vue,3248,gap,8px,True,[8.0]
src/views/auth/center/Register.vue,3278,margin-right,8px,True,[8.0]
src/views/auth/center/Register.vue,3360,margin-bottom,24px,True,[24.0]
src/views/auth/center/Register.vue,3396,margin,8px 0,True,[8.0]
src/views/auth/center/Register.vue,3408,margin,8px 0,True,[8.0]
src/views/auth/center/Register.vue,3534,padding,16px 16px,True,"[16.0, 16.0]"
src/views/auth/center/Register.vue,3542,margin,0,,[]
src/views/auth/center/Register.vue,3568,padding,0,,[]
src/views/auth/center/Register.vue,3598,padding,16px,True,[16.0]
src/views/auth/center/Register.vue,3604,margin-top,0,,[]
src/views/auth/center/Register.vue,3606,margin-bottom,16px,True,[16.0]
src/views/auth/center/Register.vue,3622,margin,16px 0,True,[16.0]
src/views/auth/center/Login.vue,632,gap,8px,True,[8.0]
src/views/auth/center/Login.vue,644,margin-left,4px,True,[4.0]
src/views/auth/center/Login.vue,696,padding,4px,True,[4.0]
src/views/auth/center/Login.vue,720,padding-left,48px,True,[48.0]
src/views/auth/center/Login.vue,740,padding-right,48px,True,[48.0]
src/views/auth/center/Login.vue,780,margin-bottom,24px,True,[24.0]
src/views/auth/center/Login.vue,792,padding-left,24px,True,[24.0]
src/views/auth/center/Login.vue,968,margin-left,8px,True,[8.0]
src/views/auth/center/Login.vue,986,margin-top,4px,True,[4.0]
src/views/auth/center/Login.vue,998,padding,24px,True,[24.0]
src/views/auth/center/Login.vue,1014,gap,8px,True,[8.0]
src/views/auth/center/Login.vue,1030,margin-left,auto,,[]
src/views/auth/center/Login.vue,1046,padding,24px,True,[24.0]
src/views/auth/center/Login.vue,1061,margin-top,24px,True,[24.0]
src/views/auth/center/Login.vue,1133,gap,8px,True,[8.0]
src/views/auth/center/Login.vue,1163,margin-right,8px,True,[8.0]
src/views/auth/center/Login.vue,1239,margin-bottom,24px,True,[24.0]
src/assets/styles/index.scss,26,gap,var(--global-card-gap),,[]
src/assets/styles/index.scss,34,padding-inline,0 !important,,[]
src/assets/styles/index.scss,35,padding-top,0,,[]
src/assets/styles/index.scss,87,margin,0 auto,,[]
src/assets/styles/index.scss,92,gap,var(--page-stack-gap),,[]
src/assets/styles/index.scss,111,margin-bottom,var(--global-card-gap) !important,,[]
src/assets/styles/index.scss,123,margin-bottom,var(--order-card-row-spacing) !important,,[]
src/assets/styles/index.scss,128,padding,4px 0 !important,True,[4.0]
src/assets/styles/index.scss,137,padding-top,8px !important,True,[8.0]
src/assets/styles/index.scss,138,margin-top,4px,True,[4.0]
src/assets/styles/index.scss,145,margin-left,auto,,[]
src/assets/styles/index.scss,151,margin-bottom,var(--order-card-row-spacing) !important,,[]
src/assets/styles/index.scss,181,padding-top,8px !important,True,[8.0]
src/assets/styles/index.scss,182,margin-top,4px,True,[4.0]
src/assets/styles/index.scss,183,margin-bottom,0 !important,,[]
src/assets/styles/index.scss,186,gap,4px,True,[4.0]
src/assets/styles/index.scss,195,margin-left,0,,[]
src/assets/styles/index.scss,210,gap,4px,True,[4.0]
src/assets/styles/index.scss,237,padding,16px,True,[16.0]
src/assets/styles/index.scss,260,gap,0,,[]
src/assets/styles/index.scss,264,margin,24px auto 0,True,[24.0]
src/assets/styles/index.scss,276,padding,16px 24px,True,"[16.0, 24.0]"
src/assets/styles/index.scss,281,margin,0,,[]
src/assets/styles/index.scss,288,margin,0,,[]
src/assets/styles/index.scss,296,padding,0 16px 16px,True,"[16.0, 16.0]"
src/assets/styles/index.scss,297,gap,8px,True,[8.0]
src/assets/styles/index.scss,303,padding,8px 0,True,[8.0]
src/assets/styles/index.scss,350,margin,0 auto,,[]
src/assets/styles/index.scss,359,padding,16px,True,[16.0]
src/assets/styles/_no-plan-card.scss,12,padding,16px,True,[16.0]
src/assets/styles/_no-plan-card.scss,46,gap,24px,True,[24.0]
src/assets/styles/_no-plan-card.scss,82,margin-bottom,16px,True,[16.0]
src/assets/styles/_no-plan-card.scss,89,gap,8px,True,[8.0]
src/assets/styles/_no-plan-card.scss,96,gap,8px,True,[8.0]
src/assets/styles/_no-plan-card.scss,97,padding,8px 16px,True,"[8.0, 16.0]"
src/assets/styles/_no-plan-card.scss,148,gap,16px,True,[16.0]
src/assets/styles/_no-plan-card.scss,158,margin-bottom,8px,True,[8.0]
src/assets/styles/_no-plan-card.scss,164,padding,8px 16px,True,"[8.0, 16.0]"
src/assets/styles/base/reset.scss,10,margin,0,,[]
src/assets/styles/base/reset.scss,11,padding,0,,[]
src/assets/styles/base/reset.scss,73,margin-left,auto,,[]
src/assets/styles/base/reset.scss,74,margin-right,auto,,[]
src/assets/styles/base/reset.scss,75,padding-left,16px,True,[16.0]
src/assets/styles/base/reset.scss,76,padding-right,16px,True,[16.0]
src/assets/styles/base/reset.scss,82,padding-left,8px,True,[8.0]
src/assets/styles/base/reset.scss,83,padding-right,8px,True,[8.0]
src/assets/styles/base/typography.scss,27,padding,"map.get($spacers, 3)",,[]
src/assets/styles/base/typography.scss,32,padding,"map.get($spacers, 2)",,[]
src/assets/styles/components/icons.scss,7,margin-left,8px,True,[8.0]
src/assets/styles/components/icons.scss,16,margin-right,8px,True,[8.0]
src/assets/styles/components/form.scss,10,margin-bottom,24px,True,[24.0]
src/assets/styles/components/form.scss,13,margin-bottom,0,,[]
src/assets/styles/components/form.scss,20,margin-bottom,8px,True,[8.0]
src/assets/styles/components/form.scss,29,padding,8px 16px,True,"[8.0, 16.0]"
src/assets/styles/components/form.scss,60,margin-top,8px,True,[8.0]
src/assets/styles/components/form.scss,68,margin-top,8px,True,[8.0]
src/assets/styles/components/form.scss,81,padding,8px 24px,True,"[8.0, 24.0]"
src/assets/styles/components/form.scss,151,padding,8px,True,[8.0]
src/assets/styles/components/form.scss,169,margin-right,0,,[]
src/assets/styles/components/form.scss,170,margin-left,0,,[]
src/assets/styles/components/form.scss,173,padding-right,8px,True,[8.0]
src/assets/styles/components/form.scss,174,padding-left,8px,True,[8.0]
src/assets/styles/layouts/auth.scss,15,padding,24px 16px,True,"[24.0, 16.0]"
src/assets/styles/layouts/auth.scss,28,padding,48px,True,[48.0]
src/assets/styles/layouts/auth.scss,35,padding,48px,True,[48.0]
src/assets/styles/layouts/auth.scss,41,margin-bottom,24px,True,[24.0]
src/assets/styles/layouts/auth.scss,44,margin-bottom,24px,True,[24.0]
src/assets/styles/layouts/auth.scss,54,margin-bottom,8px,True,[8.0]
src/assets/styles/layouts/auth.scss,64,margin-bottom,24px,True,[24.0]
src/assets/styles/layouts/auth.scss,69,margin-top,24px,True,[24.0]
src/assets/styles/layouts/auth.scss,74,margin-top,16px,True,[16.0]
src/assets/styles/layouts/auth.scss,90,margin,24px 0,True,[24.0]
src/assets/styles/layouts/auth.scss,101,padding,0 16px,True,[16.0]
